-- phpMyAdmin SQL Dump
-- version 3.5.1
-- http://www.phpmyadmin.net
--
-- Host: localhost
-- Generation Time: May 20, 2014 at 08:45 AM
-- Server version: 5.5.24-log
-- PHP Version: 5.4.3

SET SQL_MODE="NO_AUTO_VALUE_ON_ZERO";
SET time_zone = "+00:00";


/*!40101 SET @OLD_CHARACTER_SET_CLIENT=@@CHARACTER_SET_CLIENT */;
/*!40101 SET @OLD_CHARACTER_SET_RESULTS=@@CHARACTER_SET_RESULTS */;
/*!40101 SET @OLD_COLLATION_CONNECTION=@@COLLATION_CONNECTION */;
/*!40101 SET NAMES utf8 */;

--
-- Database: `internify`
--

-- --------------------------------------------------------

--
-- Table structure for table `contact`
--

CREATE TABLE IF NOT EXISTS `contact` (
  `id` int(11) NOT NULL AUTO_INCREMENT,
  `first_name` varchar(100) NOT NULL,
  `last_name` varchar(100) NOT NULL,
  `email` varchar(100) NOT NULL,
  `subject` varchar(255) NOT NULL,
  `message` varchar(1000) NOT NULL,
  `created_at` datetime NOT NULL,
  PRIMARY KEY (`id`)
) ENGINE=MyISAM  DEFAULT CHARSET=latin1 AUTO_INCREMENT=8 ;

--
-- Dumping data for table `contact`
--

INSERT INTO `contact` (`id`, `first_name`, `last_name`, `email`, `subject`, `message`, `created_at`) VALUES
(1, 'anam', 'imtiaz', 'anam.imtiaz@zigron.com', 'Product Support', 'this is the test servicetest', '2013-04-17 02:10:13'),
(2, 'anam', 'imtiaz', 'anam.imtiaz@zigron.com', 'Product Support', 'test', '2013-04-17 02:20:07'),
(3, 'anam', 'imtiaz', 'anam.imtiaz@zigron.com', 'Product Support', 'The product support of internify is very good ', '2013-04-17 02:26:58'),
(4, 'shani', 'mirza', 'sshani.mirza@zigron.com', 'Suggestions', 'asfd', '2013-04-17 02:37:13'),
(5, 'anam', 'imtiaz', 'anam.imtiaz@zigron.com', 'Suggestions', 'sdfsd', '2013-04-17 02:38:07'),
(6, 'shani', 'mirza', 'sshani.mirza@zigron.com', 'General Customer Service', 'aaaaaaa', '2013-04-17 04:06:03'),
(7, 'ddddddddddddddddddddddddd', 'ddddddddddddddddddddddddd', 'aaaa@aaaa.com', 'General Customer Service', 'ddddddddddddddddddddddddddddddddddddddddddddddddddddddddddddddddddddddd', '2013-04-19 03:19:51');

-- --------------------------------------------------------

--
-- Table structure for table `employer`
--

CREATE TABLE IF NOT EXISTS `employer` (
  `employer_id` int(11) NOT NULL AUTO_INCREMENT,
  `firstname` varchar(300) NOT NULL,
  `lastname` varchar(300) NOT NULL,
  `url` varchar(3000) NOT NULL,
  `email` varchar(300) NOT NULL,
  `address` varchar(3000) NOT NULL,
  `longitude` varchar(100) NOT NULL,
  `latitude` varchar(100) NOT NULL,
  `company_logo` varchar(3000) NOT NULL,
  `company_name` varchar(300) NOT NULL,
  `company_starting_date` date NOT NULL,
  `timezone` varchar(300) NOT NULL,
  `joining_date` datetime NOT NULL,
  `status` int(11) NOT NULL,
  PRIMARY KEY (`employer_id`)
) ENGINE=MyISAM  DEFAULT CHARSET=latin1 AUTO_INCREMENT=5 ;

--
-- Dumping data for table `employer`
--

INSERT INTO `employer` (`employer_id`, `firstname`, `lastname`, `url`, `email`, `address`, `longitude`, `latitude`, `company_logo`, `company_name`, `company_starting_date`, `timezone`, `joining_date`, `status`) VALUES
(1, 'Johnson', 'Smith', 'http://www.google.com', 'johnson.smith266@gmail.com', 'A, El Cerrito, Valle del Cauca, Colombia', '-76.31981', '3.70048', '1366305263_55918976_Blue hills.jpg', 'Mytika Health Care', '2005-06-30', '(GMT +5:00)', '2013-04-18 10:34:05', 1),
(4, 'anam', 'imtiaz', 'www.zigron.com', 'anam.imtiaz@zigron.com', 'A, Deerbrook, WI 54424, USA', '', '', '1367337536_76712060_Sunset.jpg', 'Zigron', '2012-02-12', '-4', '2013-04-30 10:55:58', 1);

-- --------------------------------------------------------

--
-- Table structure for table `employer_creditcard`
--

CREATE TABLE IF NOT EXISTS `employer_creditcard` (
  `id` int(11) NOT NULL AUTO_INCREMENT,
  `employer_id` int(11) NOT NULL,
  `card_type` varchar(50) NOT NULL,
  `card_number` varchar(50) NOT NULL,
  `card_holder_name` varchar(300) NOT NULL,
  `card_exp_month` int(11) NOT NULL,
  `card_exp_year` year(4) NOT NULL,
  `card_fingerprint` varchar(300) NOT NULL,
  `card_cvc` int(11) NOT NULL,
  `token_no` varchar(300) NOT NULL,
  `country` varchar(300) NOT NULL,
  `address_line1` varchar(300) NOT NULL,
  `address_line2` varchar(300) NOT NULL,
  `address_city` varchar(100) NOT NULL,
  `address_state` varchar(50) NOT NULL,
  `address_zip` varchar(20) NOT NULL,
  `address_country` varchar(50) NOT NULL,
  `currency` varchar(20) NOT NULL,
  `status` int(11) NOT NULL,
  `updated_at` datetime NOT NULL,
  `created_at` datetime NOT NULL,
  PRIMARY KEY (`id`)
) ENGINE=MyISAM  DEFAULT CHARSET=latin1 AUTO_INCREMENT=3 ;

--
-- Dumping data for table `employer_creditcard`
--

INSERT INTO `employer_creditcard` (`id`, `employer_id`, `card_type`, `card_number`, `card_holder_name`, `card_exp_month`, `card_exp_year`, `card_fingerprint`, `card_cvc`, `token_no`, `country`, `address_line1`, `address_line2`, `address_city`, `address_state`, `address_zip`, `address_country`, `currency`, `status`, `updated_at`, `created_at`) VALUES
(1, 4, 'Visa', '5105 1051 0510 5100', 'anam imtiaz', 4, 2020, 'EAEDVQeYoKyTXFji', 456, 'cus_1kmW76xwC8qTYZ', 'US', 'A', '', 'Clear Lake', 'WI', '44005', '', 'usd', 1, '2013-05-02 03:05:11', '2013-04-30 10:55:58'),
(2, 1, 'Visa', '4242 4242 4242 4242', 'johnson smith', 4, 2020, 'EAEDVQeYoKyTXFji', 456, 'cus_1k9fgRDVDhVR3J', 'US', 'A', '', 'Clear Lake', 'WI', '44005', '', 'usd', 1, '0000-00-00 00:00:00', '2013-04-30 10:55:58');

-- --------------------------------------------------------

--
-- Table structure for table `job_applicant`
--

CREATE TABLE IF NOT EXISTS `job_applicant` (
  `id` int(11) NOT NULL AUTO_INCREMENT,
  `posting_id` int(11) NOT NULL,
  `employer_id` int(11) NOT NULL,
  `student_id` int(11) NOT NULL,
  `title` varchar(500) NOT NULL,
  `message` varchar(1500) NOT NULL,
  `resume` varchar(500) NOT NULL,
  `status` varchar(20) NOT NULL,
  `created_at` date NOT NULL,
  `updated_at` date NOT NULL,
  PRIMARY KEY (`id`)
) ENGINE=MyISAM  DEFAULT CHARSET=latin1 AUTO_INCREMENT=2 ;

-- --------------------------------------------------------

--
-- Table structure for table `job_payment`
--

CREATE TABLE IF NOT EXISTS `job_payment` (
  `id` int(11) NOT NULL AUTO_INCREMENT,
  `employer_id` int(11) NOT NULL,
  `payment_id` int(11) NOT NULL,
  `posting_id` int(11) NOT NULL,
  `status` int(11) NOT NULL,
  `created_at` datetime NOT NULL,
  PRIMARY KEY (`id`)
) ENGINE=MyISAM  DEFAULT CHARSET=latin1 AUTO_INCREMENT=5 ;

--
-- Dumping data for table `job_payment`
--

INSERT INTO `job_payment` (`id`, `employer_id`, `payment_id`, `posting_id`, `status`, `created_at`) VALUES
(1, 4, 1, 14, 1, '2013-04-30 10:55:58'),
(2, 4, 1, 15, 1, '2013-04-30 00:00:00'),
(3, 4, 1, 16, 1, '2013-04-30 00:00:00');

-- --------------------------------------------------------

--
-- Table structure for table `job_type`
--

CREATE TABLE IF NOT EXISTS `job_type` (
  `id` int(11) NOT NULL AUTO_INCREMENT,
  `title` varchar(255) NOT NULL,
  `description` varchar(1000) NOT NULL,
  `status` int(11) NOT NULL,
  PRIMARY KEY (`id`)
) ENGINE=MyISAM  DEFAULT CHARSET=latin1 AUTO_INCREMENT=163 ;

--
-- Dumping data for table `job_type`
--

INSERT INTO `job_type` (`id`, `title`, `description`, `status`) VALUES
(1, 'Accountant', 'Description here', 1),
(2, 'Accounting', 'Description here', 1),
(3, 'Taxation', 'Description here', 1),
(4, 'Accounts', 'Description here', 1),
(5, 'Advertisement', 'Description here', 1),
(6, 'Advertising/PR', 'Description here', 1),
(7, 'Advocate', 'Description here', 1),
(8, 'Agriculture', 'Description here', 1),
(9, 'Apparel', 'Description here', 1),
(10, 'Architects', 'Description here', 1),
(11, 'Architectural Services', 'Description here', 1),
(12, 'Architecture', 'Description here', 1),
(13, 'Arts', 'Description here', 1),
(14, 'Attorney', 'Description here', 1),
(15, 'Audit', 'Description here', 1),
(16, 'Auditor', 'Description here', 1),
(17, 'AutoMobile', 'Description here', 1),
(18, 'Automotive', 'Description here', 1),
(19, 'Banking', 'Description here', 1),
(20, 'BPO', 'Description here', 1),
(21, 'Broadcasting', 'Description here', 1),
(22, 'Building & Construction', 'Description here', 1),
(23, 'Call Center', 'Description here', 1),
(24, 'Chemical Industry', 'Description here', 1),
(25, 'Chemical Operator', 'Description here', 1),
(26, 'Clinical Research', 'Description here', 1),
(27, 'Clothing', 'Description here', 1),
(28, 'Commerce', 'Description here', 1),
(29, 'Communications', 'Description here', 1),
(30, 'Construction', 'Description here', 1),
(31, 'Consultants', 'Description here', 1),
(32, 'Contractor', 'Description here', 1),
(33, 'Courier', 'Description here', 1),
(34, 'CSR', 'Description here', 1),
(35, 'Design', 'Description here', 1),
(36, 'Design & Fashion', 'Description here', 1),
(37, 'Digital Media', 'Description here', 1),
(38, 'Distribution and Logistics', 'Description here', 1),
(39, 'Distributors', 'Description here', 1),
(40, 'Education', 'Description here', 1),
(41, 'Education/Training', 'Description here', 1),
(42, 'Electrical Engineering', 'Description here', 1),
(43, 'Electronic Engineering', 'Description here', 1),
(44, 'Electronics', 'Description here', 1),
(45, 'Employment Firms', 'Description here', 1),
(46, 'Energy', 'Description here', 1),
(47, 'Entertainment', 'Description here', 1),
(48, 'Entertainment', 'Description here', 1),
(49, 'Exporters', 'Description here', 1),
(50, 'Fashion', 'Description here', 1),
(51, 'Fashion & Beauty', 'Description here', 1),
(52, 'Fashion Stylist', 'Description here', 1),
(53, 'Fast Moving Consumer Goods (FMCG)', 'Description here', 1),
(54, 'Federal Government', 'Description here', 1),
(55, 'Fertilizer', 'Description here', 1),
(56, 'Finance', 'Description here', 1),
(57, 'Food & Beverages', 'Description here', 1),
(58, 'Garments', 'Description here', 1),
(59, 'Government', 'Description here', 1),
(60, 'Healthcare', 'Description here', 1),
(61, 'Healthcare & Medical', 'Description here', 1),
(62, 'Home care', 'Description here', 1),
(63, 'Hosiery Garments', 'Description here', 1),
(64, 'Hospital', 'Description here', 1),
(65, 'Hospitality', 'Description here', 1),
(66, 'Hotel & Tourism', 'Description here', 1),
(67, 'Importers', 'Description here', 1),
(68, 'Information Technology', 'Description here', 1),
(69, 'Insurance', 'Description here', 1),
(70, 'Interior Design', 'Description here', 1),
(71, 'ISP', 'Description here', 1),
(72, 'Law Enforcement', 'Description here', 1),
(73, 'Law Firms', 'Description here', 1),
(74, 'Lawyers', 'Description here', 1),
(75, 'Legal', 'Description here', 1),
(76, 'Legal Advisor', 'Description here', 1),
(77, 'Logistics', 'Description here', 1),
(78, 'Logistics', 'Description here', 1),
(79, 'Logistics & Supply', 'Description here', 1),
(80, 'Manufacturing', 'Description here', 1),
(81, 'Marine', 'Description here', 1),
(82, 'Marine & Ocean', 'Description here', 1),
(83, 'Media', 'Description here', 1),
(84, 'Medical', 'Description here', 1),
(85, 'Medical', 'Description here', 1),
(86, 'Medical Research', 'Description here', 1),
(87, 'Mining', 'Description here', 1),
(88, 'Modeling', 'Description here', 1),
(89, 'Natural Resources', 'Description here', 1),
(90, 'Network ISP', 'Description here', 1),
(91, 'Networking', 'Description here', 1),
(92, 'Newspaper', 'Description here', 1),
(93, 'NGO', 'Description here', 1),
(94, 'Oil & Gas', 'Description here', 1),
(95, 'Online BPO', 'Description here', 1),
(96, 'Packaging', 'Description here', 1),
(97, 'Personal Care', 'Description here', 1),
(98, 'Personal Care and Services', 'Description here', 1),
(99, 'Pesticide', 'Description here', 1),
(100, 'Petroleum', 'Description here', 1),
(101, 'Pharma', 'Description here', 1),
(102, 'Pharmaceuticals', 'Description here', 1),
(103, 'Pharmacy', 'Description here', 1),
(104, 'Police', 'Description here', 1),
(105, 'Ports & Shipping', 'Description here', 1),
(106, 'Power', 'Description here', 1),
(107, 'PR', 'Description here', 1),
(108, 'Press', 'Description here', 1),
(109, 'Principal', 'Description here', 1),
(110, 'Print Media', 'Description here', 1),
(111, 'Project Management', 'Description here', 1),
(112, 'Property', 'Description here', 1),
(113, 'Public Relations', 'Description here', 1),
(114, 'Public Sector', 'Description here', 1),
(115, 'Real Estate', 'Description here', 1),
(116, 'Recruitment', 'Description here', 1),
(117, 'Retail', 'Description here', 1),
(118, 'Retailer', 'Description here', 1),
(119, 'Security', 'Description here', 1),
(120, 'Security guard', 'Description here', 1),
(121, 'Services', 'Description here', 1),
(122, 'Services', 'Description here', 1),
(123, 'Shipping', 'Description here', 1),
(124, 'Shipping & Logistics', 'Description here', 1),
(125, 'Showbiz', 'Description here', 1),
(126, 'Showbiz', 'Description here', 1),
(127, 'Social Services', 'Description here', 1),
(128, 'Tax', 'Description here', 1),
(129, 'Tax Collector', 'Description here', 1),
(130, 'Taxation', 'Description here', 1),
(131, 'Teacher', 'Description here', 1),
(132, 'Teachers Training', 'Description here', 1),
(133, 'Teaching', 'Description here', 1),
(134, 'Technology', 'Description here', 1),
(135, 'Telecom', 'Description here', 1),
(136, 'Telecom ISP', 'Description here', 1),
(137, 'Telecommunication', 'Description here', 1),
(138, 'Textile', 'Description here', 1),
(139, 'Textile Garments', 'Description here', 1),
(140, 'Textiles & Fashion', 'Description here', 1),
(141, 'Tiles & Ceramics', 'Description here', 1),
(142, 'Tourism', 'Description here', 1),
(143, 'Tourism', 'Description here', 1),
(144, 'Trainee Teacher', 'Description here', 1),
(145, 'Training', 'Description here', 1),
(146, 'Transportation', 'Description here', 1),
(147, 'Transportation & Distribution', 'Description here', 1),
(148, 'Transportation & Logistics', 'Description here', 1),
(149, 'Transportation Services', 'Description here', 1),
(150, 'Travel', 'Description here', 1),
(154, 'Testing Case', '', 1),
(155, 'IT firm', '', 1),
(156, 'industory name', '', 1),
(157, 'Accounting firm', '', 1),
(158, 'adf', '', 1),
(159, 'asfd', '', 1),
(160, 'asf', '', 1),
(161, 'software', '', 1),
(162, 'Programming', '', 1);

-- --------------------------------------------------------

--
-- Table structure for table `perk`
--

CREATE TABLE IF NOT EXISTS `perk` (
  `id` int(11) NOT NULL AUTO_INCREMENT,
  `name` varchar(3000) NOT NULL,
  `status` int(11) NOT NULL,
  PRIMARY KEY (`id`)
) ENGINE=InnoDB  DEFAULT CHARSET=latin1 AUTO_INCREMENT=6 ;

--
-- Dumping data for table `perk`
--

INSERT INTO `perk` (`id`, `name`, `status`) VALUES
(1, 'Metro Accessible', 1),
(2, 'Part Time', 1),
(3, 'Independent', 1),
(4, 'Food Included', 1),
(5, 'Potential Hire', 1);

-- --------------------------------------------------------

--
-- Table structure for table `posting`
--

CREATE TABLE IF NOT EXISTS `posting` (
  `id` int(11) NOT NULL AUTO_INCREMENT,
  `job_type_id` int(11) NOT NULL,
  `employer_id` int(11) NOT NULL,
  `title` varchar(255) NOT NULL,
  `description` text NOT NULL,
  `skill_id` varchar(3000) NOT NULL,
  `perk_id` varchar(300) NOT NULL,
  `interns_limit` int(11) NOT NULL,
  `price` float NOT NULL,
  `total_price` float NOT NULL,
  `start_date` date NOT NULL,
  `end_date` date NOT NULL,
  `facebook_id` varchar(3000) NOT NULL,
  `twitter_id` varchar(3000) NOT NULL,
  `linkedin_id` varchar(3000) NOT NULL,
  `status` int(11) NOT NULL,
  `created_at` date NOT NULL,
  `updated_at` date NOT NULL,
  PRIMARY KEY (`id`)
) ENGINE=MyISAM  DEFAULT CHARSET=latin1 AUTO_INCREMENT=18 ;

--
-- Dumping data for table `posting`
--

INSERT INTO `posting` (`id`, `job_type_id`, `employer_id`, `title`, `description`, `skill_id`, `perk_id`, `interns_limit`, `price`, `total_price`, `start_date`, `end_date`, `facebook_id`, `twitter_id`, `linkedin_id`, `status`, `created_at`, `updated_at`) VALUES
(1, 61, 1, 'Filing and Paper Work', 'We require a student who can manage the filing and managing the folder in our office.', '1,4,376,269', '2,4', 1, 0, 30, '2013-05-01', '2013-08-31', 'www.facebook.com', 'www.twitter.com', 'www.linkedin.com', 1, '2013-04-18', '0000-00-00'),
(2, 162, 1, 'PHP Internee', 'We require a PHP internee who is active and is willing to learn.', '96', '1,2,4', 2, 0, 60, '2013-05-01', '2013-08-31', 'www.facebook.com', 'www.twitter.com', 'www.linkedin.com', 1, '2013-04-19', '0000-00-00'),
(3, 162, 1, 'Junior Java Developer', 'A junior level java developer who has good concepts of OOP.', '115,381', '2,4,5', 2, 0, 60, '2013-04-01', '2013-04-17', 'www.facebook.com', 'www.twitter.com', 'www.linkedin.com', 1, '2013-04-19', '0000-00-00'),
(4, 2, 1, 'Junior Accountant', 'An entry-level position in an accounting department. A college degree in accounting is usually a prerequisite for this position. Other desirable attributes included.', '242,74,342', '2,3,4', 1, 0, 30, '2013-04-20', '2013-08-31', 'www.facebook.com', 'www.twitter.com', 'www.linkedin.com', 1, '2013-04-19', '0000-00-00'),
(5, 3, 1, 'Senior Accountent', 'tsest', '1', '2', 4, 0, 120, '2013-04-19', '2013-05-01', 'www.facebook.com/f', 'www.twitter.com', 'www.linkedin.com', 1, '2013-04-19', '0000-00-00'),
(14, 2, 4, 'C# developer', 'test', '3', '0', 1, 0, 30, '2013-04-30', '2013-05-10', 'www.facebook.com', 'www.twitter.com', 'www.linkedin.com', 1, '2013-04-30', '0000-00-00'),
(11, 1, 1, 'c# developer', 'test', '1', '1', 0, 0, 0, '2013-04-29', '2013-05-09', 'www.facebook.com', 'www.twitter.com', 'www.linkedin.com', 1, '2013-04-29', '0000-00-00'),
(15, 4, 4, 'test', 'test', '2', '1', 0, 0, 0, '2013-04-30', '2013-05-10', 'www.facebook.com', 'www.twitter.com', 'www.linkedin.com', 2, '2013-04-30', '0000-00-00'),
(16, 2, 4, 'junior java developer', 'test', '5', '0', 0, 0, 0, '2013-04-30', '2013-05-11', 'www.facebook.com', 'www.twitter.com', 'www.linkedin.com', 1, '2013-04-30', '0000-00-00');

-- --------------------------------------------------------

--
-- Table structure for table `skill`
--

CREATE TABLE IF NOT EXISTS `skill` (
  `id` int(11) NOT NULL AUTO_INCREMENT,
  `name` varchar(100) NOT NULL,
  `proficiency` varchar(100) NOT NULL,
  `status` int(11) NOT NULL,
  PRIMARY KEY (`id`)
) ENGINE=MyISAM  DEFAULT CHARSET=latin1 AUTO_INCREMENT=382 ;

--
-- Dumping data for table `skill`
--

INSERT INTO `skill` (`id`, `name`, `proficiency`, `status`) VALUES
(1, 'academic', 'Beginner', 1),
(2, 'accurate', 'Beginner', 1),
(3, 'act/perform', 'Beginner', 1),
(4, 'active', 'Beginner', 1),
(5, 'adapt to situations', 'Beginner', 1),
(6, 'adaptable', 'Beginner', 1),
(7, 'adventurous', 'Beginner', 1),
(8, 'advise people', 'Beginner', 1),
(9, 'affectionate', 'Beginner', 1),
(10, 'aggressive', 'Beginner', 1),
(11, 'alert', 'Beginner', 1),
(12, 'ambitious', 'Beginner', 1),
(13, 'analyze data', 'Beginner', 1),
(14, 'anticipate problems', 'Beginner', 1),
(15, 'appraise service', 'Beginner', 1),
(16, 'arrange functions', 'Beginner', 1),
(17, 'artistic', 'Beginner', 1),
(18, 'assertive', 'Beginner', 1),
(19, 'assess situations', 'Beginner', 1),
(20, 'attractive', 'Beginner', 1),
(21, 'audit records', 'Beginner', 1),
(22, 'bargain/barter', 'Beginner', 1),
(23, 'be cost conscious', 'Beginner', 1),
(24, 'be responsible for', 'Beginner', 1),
(25, 'bold', 'Beginner', 1),
(26, 'broad-minded', 'Beginner', 1),
(27, 'budget money', 'Beginner', 1),
(28, 'build', 'Beginner', 1),
(29, 'businesslike', 'Beginner', 1),
(30, 'buy products/services', 'Beginner', 1),
(31, 'calculate numbers', 'Beginner', 1),
(32, 'calm', 'Beginner', 1),
(33, 'careful', 'Beginner', 1),
(34, 'cautious', 'Beginner', 1),
(35, 'charming', 'Beginner', 1),
(36, 'chart information', 'Beginner', 1),
(37, 'check for accuracy', 'Beginner', 1),
(38, 'cheerful', 'Beginner', 1),
(39, 'classify information', 'Beginner', 1),
(40, 'clear-thinking', 'Beginner', 1),
(41, 'clever', 'Beginner', 1),
(42, 'collect money', 'Beginner', 1),
(43, 'communicate', 'Beginner', 1),
(44, 'competent', 'Beginner', 1),
(45, 'competitive', 'Beginner', 1),
(46, 'compute data', 'Beginner', 1),
(47, 'conceptualize', 'Beginner', 1),
(48, 'conduct', 'Beginner', 1),
(49, 'confident', 'Beginner', 1),
(50, 'conscientious', 'Beginner', 1),
(51, 'conservative', 'Beginner', 1),
(52, 'considerate', 'Beginner', 1),
(53, 'construct buildings', 'Beginner', 1),
(54, 'consult w/others', 'Beginner', 1),
(55, 'contact others', 'Beginner', 1),
(56, 'contact w/others', 'Beginner', 1),
(57, 'control costs', 'Beginner', 1),
(58, 'control people', 'Beginner', 1),
(59, 'control situations', 'Beginner', 1),
(60, 'converse w/others', 'Beginner', 1),
(61, 'cool', 'Beginner', 1),
(62, 'cooperative', 'Beginner', 1),
(63, 'coordinate activities', 'Beginner', 1),
(64, 'cope w/deadlines', 'Beginner', 1),
(65, 'copy information', 'Beginner', 1),
(66, 'correspond w/others', 'Beginner', 1),
(67, 'courageous', 'Beginner', 1),
(68, 'create', 'Beginner', 1),
(69, 'creative', 'Beginner', 1),
(70, 'curious', 'Beginner', 1),
(71, 'daring', 'Beginner', 1),
(72, 'delegate', 'Beginner', 1),
(73, 'deliberate', 'Beginner', 1),
(74, 'deliver', 'Beginner', 1),
(75, 'democratic', 'Beginner', 1),
(76, 'demonstrate', 'Beginner', 1),
(77, 'dependable', 'Beginner', 1),
(78, 'design', 'Beginner', 1),
(79, 'detect', 'Beginner', 1),
(80, 'determine', 'Beginner', 1),
(81, 'determined', 'Beginner', 1),
(82, 'develop', 'Beginner', 1),
(83, 'dignified', 'Beginner', 1),
(84, 'direct others', 'Beginner', 1),
(85, 'discreet', 'Beginner', 1),
(86, 'dispense information', 'Beginner', 1),
(87, 'distribute', 'Beginner', 1),
(88, 'do precision work', 'Beginner', 1),
(89, 'do public relations work', 'Beginner', 1),
(90, 'dominant', 'Beginner', 1),
(91, 'draft', 'Beginner', 1),
(92, 'drive', 'Beginner', 1),
(93, 'eager', 'Beginner', 1),
(94, 'easygoing', 'Beginner', 1),
(95, 'edit', 'Beginner', 1),
(96, 'efficient', 'Beginner', 1),
(97, 'emotional', 'Beginner', 1),
(98, 'encourage', 'Beginner', 1),
(99, 'endure long hours', 'Beginner', 1),
(100, 'energetic', 'Beginner', 1),
(101, 'enforce', 'Beginner', 1),
(102, 'enterprising', 'Beginner', 1),
(103, 'enthusiastic', 'Beginner', 1),
(104, 'estimate', 'Beginner', 1),
(105, 'evaluate', 'Beginner', 1),
(106, 'examine', 'Beginner', 1),
(107, 'exhibit', 'Beginner', 1),
(108, 'expand', 'Beginner', 1),
(109, 'expedite', 'Beginner', 1),
(110, 'explain', 'Beginner', 1),
(111, 'explore', 'Beginner', 1),
(112, 'fair-minded', 'Beginner', 1),
(113, 'farsighted', 'Beginner', 1),
(114, 'file records', 'Beginner', 1),
(115, 'find information', 'Beginner', 1),
(116, 'firm', 'Beginner', 1),
(117, 'fix/repair', 'Beginner', 1),
(118, 'flexible', 'Beginner', 1),
(119, 'follow directions', 'Beginner', 1),
(120, 'follow through', 'Beginner', 1),
(121, 'forceful', 'Beginner', 1),
(122, 'formal', 'Beginner', 1),
(123, 'frank', 'Beginner', 1),
(124, 'friendly', 'Beginner', 1),
(125, 'gather information', 'Beginner', 1),
(126, 'gather materials', 'Beginner', 1),
(127, 'generate', 'Beginner', 1),
(128, 'generous', 'Beginner', 1),
(129, 'gentle', 'Beginner', 1),
(130, 'good-natured', 'Beginner', 1),
(131, 'guide/lead', 'Beginner', 1),
(132, 'hand/eye coordination', 'Beginner', 1),
(133, 'handle complaints', 'Beginner', 1),
(134, 'handle equipment', 'Beginner', 1),
(135, 'handle money', 'Beginner', 1),
(136, 'healthy', 'Beginner', 1),
(137, 'helpful', 'Beginner', 1),
(138, 'honest', 'Beginner', 1),
(139, 'humorous', 'Beginner', 1),
(140, 'idealistic', 'Beginner', 1),
(141, 'illustrate', 'Beginner', 1),
(142, 'imaginative', 'Beginner', 1),
(143, 'imagine solutions', 'Beginner', 1),
(144, 'implement', 'Beginner', 1),
(145, 'improve', 'Beginner', 1),
(146, 'improvise', 'Beginner', 1),
(147, 'independent', 'Beginner', 1),
(148, 'industrious', 'Beginner', 1),
(149, 'inform people', 'Beginner', 1),
(150, 'informal', 'Beginner', 1),
(151, 'ingenious', 'Beginner', 1),
(152, 'initiate actions', 'Beginner', 1),
(153, 'inspect products', 'Beginner', 1),
(154, 'install', 'Beginner', 1),
(155, 'instruct', 'Beginner', 1),
(156, 'intellectual', 'Beginner', 1),
(157, 'intelligent', 'Beginner', 1),
(158, 'interpret data', 'Beginner', 1),
(159, 'interview people', 'Beginner', 1),
(160, 'invent', 'Beginner', 1),
(161, 'inventive', 'Beginner', 1),
(162, 'inventory', 'Beginner', 1),
(163, 'kind', 'Beginner', 1),
(164, 'learn', 'Beginner', 1),
(165, 'learn quickly', 'Beginner', 1),
(166, 'leisurely', 'Beginner', 1),
(167, 'liaise', 'Beginner', 1),
(168, 'lift (moderate)', 'Beginner', 1),
(169, 'lighthearted', 'Beginner', 1),
(170, 'likable', 'Beginner', 1),
(171, 'listen', 'Beginner', 1),
(172, 'locate information', 'Beginner', 1),
(173, 'log information', 'Beginner', 1),
(174, 'logical', 'Beginner', 1),
(175, 'loyal', 'Beginner', 1),
(176, 'make decisions', 'Beginner', 1),
(177, 'make policy', 'Beginner', 1),
(178, 'make/create', 'Beginner', 1),
(179, 'manage a business', 'Beginner', 1),
(180, 'manage people', 'Beginner', 1),
(181, 'mature', 'Beginner', 1),
(182, 'measure boundaries', 'Beginner', 1),
(183, 'mediate problems', 'Beginner', 1),
(184, 'meet the public', 'Beginner', 1),
(185, 'memorize information', 'Beginner', 1),
(186, 'mentor others', 'Beginner', 1),
(187, 'methodical', 'Beginner', 1),
(188, 'meticulous', 'Beginner', 1),
(189, 'mild', 'Beginner', 1),
(190, 'moderate', 'Beginner', 1),
(191, 'modest', 'Beginner', 1),
(192, 'monitor progress', 'Beginner', 1),
(193, 'motivate others', 'Beginner', 1),
(194, 'move materials', 'Beginner', 1),
(195, 'natural', 'Beginner', 1),
(196, 'negotiate', 'Beginner', 1),
(197, 'nurse', 'Beginner', 1),
(198, 'nurture', 'Beginner', 1),
(199, 'obliging', 'Beginner', 1),
(200, 'observe', 'Beginner', 1),
(201, 'obtain', 'Beginner', 1),
(202, 'open-minded', 'Beginner', 1),
(203, 'operate equipment', 'Beginner', 1),
(204, 'opportunistic', 'Beginner', 1),
(205, 'optimistic', 'Beginner', 1),
(206, 'order goods/supplies', 'Beginner', 1),
(207, 'organize data', 'Beginner', 1),
(208, 'organize people', 'Beginner', 1),
(209, 'organize tasks', 'Beginner', 1),
(210, 'organized', 'Beginner', 1),
(211, 'original', 'Beginner', 1),
(212, 'outgoing', 'Beginner', 1),
(213, 'own/operate business', 'Beginner', 1),
(214, 'painstaking', 'Beginner', 1),
(215, 'paint', 'Beginner', 1),
(216, 'patient', 'Beginner', 1),
(217, 'perceive needs', 'Beginner', 1),
(218, 'perform routine work', 'Beginner', 1),
(219, 'persevering', 'Beginner', 1),
(220, 'persuade others', 'Beginner', 1),
(221, 'plan', 'Beginner', 1),
(222, 'plant', 'Beginner', 1),
(223, 'poised', 'Beginner', 1),
(224, 'polite', 'Beginner', 1),
(225, 'practical', 'Beginner', 1),
(226, 'precise', 'Beginner', 1),
(227, 'prepare materials', 'Beginner', 1),
(228, 'pressure resistant', 'Beginner', 1),
(229, 'print', 'Beginner', 1),
(230, 'process information', 'Beginner', 1),
(231, 'process materials', 'Beginner', 1),
(232, 'produce', 'Beginner', 1),
(233, 'productive', 'Beginner', 1),
(234, 'program', 'Beginner', 1),
(235, 'progressive', 'Beginner', 1),
(236, 'promote', 'Beginner', 1),
(237, 'protect property', 'Beginner', 1),
(238, 'provide maintenance', 'Beginner', 1),
(239, 'punctual', 'Beginner', 1),
(240, 'question others', 'Beginner', 1),
(241, 'raise money', 'Beginner', 1),
(242, 'rational', 'Beginner', 1),
(243, 'read reference books', 'Beginner', 1),
(244, 'realistic', 'Beginner', 1),
(245, 'recommend', 'Beginner', 1),
(246, 'record data', 'Beginner', 1),
(247, 'recruit people', 'Beginner', 1),
(248, 'rectify', 'Beginner', 1),
(249, 'reduce costs', 'Beginner', 1),
(250, 'refer people', 'Beginner', 1),
(251, 'rehabilitate people', 'Beginner', 1),
(252, 'reliable', 'Beginner', 1),
(253, 'remember information', 'Beginner', 1),
(254, 'remove', 'Beginner', 1),
(255, 'repair', 'Beginner', 1),
(256, 'replace', 'Beginner', 1),
(257, 'report information', 'Beginner', 1),
(258, 'research', 'Beginner', 1),
(259, 'resolve problems', 'Beginner', 1),
(260, 'resourceful', 'Beginner', 1),
(261, 'responsible', 'Beginner', 1),
(262, 'restore', 'Beginner', 1),
(263, 'retrieve information', 'Beginner', 1),
(264, 'review', 'Beginner', 1),
(265, 'run meetings', 'Beginner', 1),
(266, 'schedule', 'Beginner', 1),
(267, 'seek out', 'Beginner', 1),
(268, 'select', 'Beginner', 1),
(269, 'self-confident', 'Beginner', 1),
(270, 'sell', 'Beginner', 1),
(271, 'sensible', 'Beginner', 1),
(272, 'sensitive', 'Beginner', 1),
(273, 'separate', 'Beginner', 1),
(274, 'sequence', 'Beginner', 1),
(275, 'serious', 'Beginner', 1),
(276, 'service customers', 'Beginner', 1),
(277, 'service equipment', 'Beginner', 1),
(278, 'set goals/objectives', 'Beginner', 1),
(279, 'set up equipment', 'Beginner', 1),
(280, 'set up systems', 'Beginner', 1),
(281, 'sew', 'Beginner', 1),
(282, 'shape', 'Beginner', 1),
(283, 'sharp-witted', 'Beginner', 1),
(284, 'signal', 'Beginner', 1),
(285, 'sincere', 'Beginner', 1),
(286, 'size up situations', 'Beginner', 1),
(287, 'sketch', 'Beginner', 1),
(288, 'sociable', 'Beginner', 1),
(289, 'socialize', 'Beginner', 1),
(290, 'solve problems', 'Beginner', 1),
(291, 'sort', 'Beginner', 1),
(292, 'speak in public', 'Beginner', 1),
(293, 'spontaneous', 'Beginner', 1),
(294, 'spunky', 'Beginner', 1),
(295, 'stable', 'Beginner', 1),
(296, 'steady', 'Beginner', 1),
(297, 'strong', 'Beginner', 1),
(298, 'strong-minded', 'Beginner', 1),
(299, 'study', 'Beginner', 1),
(300, 'supervise', 'Beginner', 1),
(301, 'supply', 'Beginner', 1),
(302, 'support', 'Beginner', 1),
(303, 'survey', 'Beginner', 1),
(304, 'sympathetic', 'Beginner', 1),
(305, 'synthesize', 'Beginner', 1),
(306, 'tabulate', 'Beginner', 1),
(307, 'tactful', 'Beginner', 1),
(308, 'take instructions', 'Beginner', 1),
(309, 'teachable', 'Beginner', 1),
(310, 'tenacious', 'Beginner', 1),
(311, 'tend equipment', 'Beginner', 1),
(312, 'test', 'Beginner', 1),
(313, 'think ahead', 'Beginner', 1),
(314, 'think logically', 'Beginner', 1),
(315, 'thorough', 'Beginner', 1),
(316, 'thoughtful', 'Beginner', 1),
(317, 'tolerant', 'Beginner', 1),
(318, 'tolerate interruptions', 'Beginner', 1),
(319, 'tough', 'Beginner', 1),
(320, 'track', 'Beginner', 1),
(321, 'train/teach', 'Beginner', 1),
(322, 'transcribe', 'Beginner', 1),
(323, 'transfer', 'Beginner', 1),
(324, 'translate', 'Beginner', 1),
(325, 'travel', 'Beginner', 1),
(326, 'treat', 'Beginner', 1),
(327, 'troubleshoot', 'Beginner', 1),
(328, 'trusting', 'Beginner', 1),
(329, 'trustworthy', 'Beginner', 1),
(330, 'tutor', 'Beginner', 1),
(331, 'type', 'Beginner', 1),
(332, 'unaffected', 'Beginner', 1),
(333, 'unassuming', 'Beginner', 1),
(334, 'understand', 'Beginner', 1),
(335, 'understanding', 'Beginner', 1),
(336, 'unexcitable', 'Beginner', 1),
(337, 'uninhibited', 'Beginner', 1),
(338, 'unite people', 'Beginner', 1),
(339, 'update information', 'Beginner', 1),
(340, 'use words correctly', 'Beginner', 1),
(341, 'verbal', 'Beginner', 1),
(342, 'verify', 'Beginner', 1),
(343, 'versatile', 'Beginner', 1),
(344, 'visit', 'Beginner', 1),
(345, 'visualize', 'Beginner', 1),
(346, 'volunteer', 'Beginner', 1),
(347, 'warm', 'Beginner', 1),
(348, 'weigh', 'Beginner', 1),
(349, 'wholesome', 'Beginner', 1),
(350, 'wise', 'Beginner', 1),
(351, 'witty', 'Beginner', 1),
(352, 'work quickly', 'Beginner', 1),
(353, 'write procedures', 'Beginner', 1),
(354, 'write promo material', 'Beginner', 1),
(355, 'write proposals', 'Beginner', 1),
(356, 'write reports', 'Beginner', 1),
(357, 'write technical work', 'Beginner', 1),
(358, 'zany', 'Beginner', 1),
(364, 'sfd', '', 1),
(363, 'tsdfsd', '', 1),
(365, 'testing', '', 1),
(366, 'e responsible for', '', 1),
(367, 'testdistrubte', '', 1),
(368, 'oop', '', 1),
(369, 'programming', '', 1),
(370, 'geo', '', 1),
(371, 'development', '', 1),
(372, 'c++', '', 1),
(373, 'php', '', 1),
(374, 'java', '', 1),
(375, '', '', 1),
(376, 'vigilent', '', 1),
(377, '------------------------------------------------------------------------------------------------', '', 1),
(378, '333333333333333333333333333333333333333333333333333333333333', '', 1),
(379, '##############################################################################', '', 1),
(380, '$$$$$$$$$$$$$$$$$$$$$$$$$$$$$$$$$$$$$$$$$$$$$$$$$$$$$$$$$$$$$$$$$$$$$$$', '', 1),
(381, 'ealistic', '', 1);

-- --------------------------------------------------------

--
-- Table structure for table `student`
--

CREATE TABLE IF NOT EXISTS `student` (
  `id` int(11) NOT NULL AUTO_INCREMENT,
  `linkedin_id` varchar(50) DEFAULT NULL,
  `name` varchar(50) NOT NULL,
  `email` varchar(50) NOT NULL,
  `university` varchar(100) NOT NULL,
  `address` varchar(1000) NOT NULL,
  `skill` varchar(255) NOT NULL,
  PRIMARY KEY (`id`)
) ENGINE=MyISAM  DEFAULT CHARSET=latin1 AUTO_INCREMENT=6 ;

--
-- Dumping data for table `student`
--

INSERT INTO `student` (`id`, `linkedin_id`, `name`, `email`, `university`, `address`, `skill`) VALUES
(1, 'mf95Pf5tRV', 'Zeeshan Mirza', 'sshani21@gmail.com', 'University of Arid Agriculture, Rwalpindi', '', ''),
(2, 'fFa_UcmKeL', 'Javed Iqbal', 'smile110@gmail.com', 'NED University of Engineering and Technology', '-----------------------------------------', '377,26,378,379,380'),
(3, 'KJOM4WeOYZ', 'Anam imtiaz', 'creative.anum@gmail.com', 'University of Arid Agriculture, Rwalpindi', 'A, Deerbrook, WI 54424, USAa', '5'),
(4, 'ihuS_qDZW1', 'Hammad Ali Naqvi', 'hammad_ali_naqvi@hotmail.com', 'COMSATS Institute of Information Technology', '', '375'),
(5, 'y2pXaNsIdu', 'Farhan Daredia', 'farhan@bookstoregenie.com', 'The George Washington University', '2221 I Street Northwest, The George Washington University, Washington, DC 20052, USA', '269,2,4');

-- --------------------------------------------------------

--
-- Table structure for table `universities`
--

CREATE TABLE IF NOT EXISTS `universities` (
  `college` text,
  `state` text,
  `link` text
) ENGINE=MyISAM DEFAULT CHARSET=utf8;

--
-- Dumping data for table `universities`
--

INSERT INTO `universities` (`college`, `state`, `link`) VALUES
('George Washington University', 'D.C.', 'http://www.bkstr.com/webapp/wcs/stores/servlet/StoreCatalogDisplay?catalogId=10001&langId=-1&storeId=10370&demoKey=d'),
('Gadsden State Community College', 'Alabama', 'http://gadsdenstcc.bkstore.com'),
('Gadsden State Community College - Harry M. Ayers Campus', 'Alabama', 'http://gadsdenstcc-ayers.bkstore.com'),
('Gadsden State Community College - McClellan Campus', 'Alabama', 'http://gadsdenstcc-mcclellan.bkstore.com'),
('Jacksonville State University', 'Alabama', 'http://jsu.bkstore.com'),
('Oakwood University', 'Alabama', ''),
('Southern Union State Community College - Opelika Campus', 'Alabama', 'http://susccopelika.bkstore.com'),
('Southern Union State Community College - Wadley Campus', 'Alabama', 'http://susccwadley.bkstore.com'),
('Spring Hill College', 'Alabama', 'http://shc.bkstore.com'),
('Troy University', 'Alabama', 'http://troy.bncollege.com'),
('Troy University - Dothan', 'Alabama', 'http://dothan.bncollege.com'),
('Troy University - Montgomery', 'Alabama', 'http://montgomery.bncollege.com'),
('Troy University - Phenix City', 'Alabama', 'http://phenix.bncollege.com'),
('University of Alabama at Birmingham', 'Alabama', 'http://uab.bncollege.com'),
('University of Alabama Huntsville', 'Alabama', 'http://uah.bncollege.com'),
('Arizona Western College', 'Arizona', 'http://awc.bkstore.com'),
('Central Arizona College - Signal Peak Campus', 'Arizona', 'http://centralaz.bncollege.com'),
('Cochise College - Douglas Campus', 'Arizona', 'http://cochise.bncollege.com'),
('Cochise College - Sierra Vista Campus', 'Arizona', 'http://cochise-sv.bncollege.com'),
('Mohave Community College - Kingman Campus', 'Arizona', 'http://mohave.bkstore.com'),
('Hendrix College', 'Arkansas', 'http://hendrix.bncollege.com'),
('NorthWest Arkansas Community College', 'Arkansas', 'http://nwacc.bkstore.com'),
('University of Arkansas at Little Rock', 'Arkansas', 'http://ualr.bncollege.com/'),
('University of Arkansas Fort Smith', 'Arkansas', 'http://uafortsmith.bncollege.com'),
('University of Central Arkansas', 'Arkansas', 'http://uca.bkstore.com'),
('California State University Bakersfield', 'California', 'http://csubakersfield.bncollege.com'),
('California State University Los Angeles', 'California', 'http://calstate-la.bkstore.com'),
('California State University Monterey Bay', 'California', 'http://csumonterey.bncollege.com'),
('California State University Stanislaus', 'California', 'http://csustan.bncollege.com'),
('College of Marin', 'California', 'http://marin.bkstore.com'),
('College of the Canyons', 'California', 'http://coc.bncollege.com'),
('College of the Sequoias', 'California', ''),
('Cuyamaca College', 'California', 'http://cuyamaca.bncollege.com'),
('Grossmont College', 'California', 'http://grossmont.bncollege.com'),
('Lake Tahoe Community College', 'California', ''),
('Loyola Law School Los Angeles', 'California', 'http://lls.bncollege.com'),
('Mission College', 'California', 'http://mc.bncollege.com/'),
('Pacific Union College', 'California', 'http://puc.bncollege.com/webapp/wcs/stores/servlet/BNCBHomePage?catalogId=10001&storeId=39054&langId=-1&level=1'),
('Point Loma Nazarene University', 'California', ''),
('Riverside Community College - Moreno Valley Campus', 'California', 'http://rcc.bncollege.com/webapp/wcs/stores/servlet/BNCBHomePage?storeId=24058&campusId=24058&jspStoreDir=rcc&userId=31882597&catalogId=10001&ddkey=BNCBMultiCampusPageCmd'),
('Riverside Community College - Norco Campus', 'California', 'http://rcc.bncollege.com/webapp/wcs/stores/servlet/BNCBHomePage?storeId=24057&campusId=24057&jspStoreDir=rccmoreno&userId=31882590&catalogId=10001&ddkey=BNCBMultiCampusPageCmd'),
('Riverside Community College - Riverside City Campus', 'California', 'http://rcc.bncollege.com/webapp/wcs/stores/servlet/BNCBHomePage?storeId=24051&catalogId=10001&langId=-1'),
('Saint Mary''s College of California', 'California', 'http://stmarys-ca.bkstore.com'),
('Santa Clara University', 'California', 'http://scu.bncollege.com/'),
('Sierra College - Nevada County Campus', 'California', 'http://sierranc.bncollege.com/webapp/wcs/stores/servlet/BNCBHomePage?storeId=19557&catalogId=10001&langId=-1'),
('Sierra College - Rocklin Campus', 'California', 'http://sierra.bncollege.com'),
('Sonoma State University', 'California', 'http://sonoma.bncollege.com/webapp/wcs/stores/servlet/BNCBHomePage?storeId=27551&catalogId=10001&langId=-1'),
('University of Redlands', 'California', 'http://redlands.bkstore.com'),
('University of the Pacific', 'California', 'http://upacific.bkstore.com'),
('West Valley College', 'California', 'http://westvalley.bncollege.com/'),
('Colorado Bookstore on the Hill (Boulder)', 'Colorado', 'http://colorado.bncollege.com/'),
('Colorado School of Mines', 'Colorado', 'http://mines.bkstore.com'),
('Red Rocks Community College', 'Colorado', 'http://rrcc.bkstore.com'),
('University of Northern Colorado', 'Colorado', 'http://unco.bncollege.com'),
('Central Connecticut State University', 'Connecticut', 'http://central-ct.bncollege.com'),
('Eastern Connecticut State University', 'Connecticut', 'http://ecsu.bkstore.com'),
('Southern Connecticut State University', 'Connecticut', 'http://southern-ct.bncollege.com'),
('Trinity College', 'Connecticut', 'http://trinity.bkstore.com'),
('Western Connecticut State University', 'Connecticut', 'http://wcsu.bkstore.com'),
('Yale Medical School', 'Connecticut', 'http://yalemed.bncollege.com/'),
('Yale University', 'Connecticut', 'http://yale1.bncollege.com'),
('University of Delaware', 'Delaware', 'http://udel.bkstore.com'),
('Wesley College', 'Delaware', 'http://wesley.bkstore.com'),
('Brevard Community College - Cocoa Campus', 'Florida', 'http://brevardcc.bkstore.com'),
('Brevard Community College - Melbourne campus', 'Florida', 'http://brevardcc-melbourne.bncollege.com/webapp/wcs/stores/servlet/BNCBHomePage?catalogId=10001&storeId=33551&langId=-1&level=1'),
('Brevard Community College - Palm Bay campus', 'Florida', 'http://brevardcc-palmbay.bncollege.com/webapp/wcs/stores/servlet/BNCBHomePage?catalogId=10001&storeId=32552&langId=-1&level=1'),
('Brevard Community College - Titusville campus', 'Florida', 'http://brevardcc-titusville.bncollege.com/webapp/wcs/stores/servlet/BNCBHomePage?catalogId=10001&storeId=32559&langId=-1&level=1'),
('Chipola College', 'Florida', 'http://chipolacc.bkstore.com'),
('Eckerd College', 'Florida', 'http://eckerd.bkstore.com'),
('Florida A&M University', 'Florida', 'http://famu.bncollege.com'),
('Florida A&M University College of Law', 'Florida', 'http://famu-law.bncollege.com'),
('Florida Atlantic Univ at Davie/Fort Lauderdale', 'Florida', 'http://fau-davie.bncollege.com'),
('Florida Atlantic Univ at Jupiter/Port St. Lucie', 'Florida', 'http://fau-jupiter.bncollege.com'),
('Florida Atlantic Univ Boca Raton', 'Florida', 'http://fau.bncollege.com'),
('Florida Institute of Technology', 'Florida', 'http://fit.bncollege.com'),
('Florida International University', 'Florida', 'http://fiu.bncollege.com'),
('Florida International University - North Miami Campus', 'Florida', 'http://fiu-nomiami.bncollege.com'),
('Florida Southern College', 'Florida', 'http://flsouthern.bkstore.com'),
('New College of Florida', 'Florida', 'http://usfsarasota.bncollege.com'),
('Nova Southeastern University', 'Florida', 'http://nsubooks.bncollege.com'),
('Santa Fe College', 'Florida', 'http://santafecc.bncollege.com'),
('The College of Central Florida', 'Florida', 'http://cfcc.bkstore.com'),
('University of Central Florida', 'Florida', 'http://ucf.bncollege.com/'),
('University of Central Florida - Rosen School of Hospitality Management', 'Florida', 'http://ucf-rosen.bncollege.com'),
('University of South Florida Health Sciences', 'Florida', 'http://usfhsc.bkstore.com'),
('University of South Florida Sarasota-Manatee', 'Florida', 'http://usfsarasota.bncollege.com/'),
('University of South Florida St. Petersburg', 'Florida', 'http://usfstpete.bncollege.com/'),
('University of South Florida Tampa', 'Florida', 'http://sftampa.bncollege.com/'),
('University of Tampa', 'Florida', 'http://utampa.bncollege.com/'),
('American InterContinental University', 'Georgia', 'http://aiubuckhead.bkstore.com'),
('Bainbridge College', 'Georgia', 'http://bainbridge.bncollege.com'),
('Brenau University', 'Georgia', 'http://brenau.bncollege.com/webapp/wcs/stores/servlet/BNCBHomePage?storeId=56553&catalogId=10001&langId=-1'),
('Burdell''s at Georgia Tech', 'Georgia', 'http://gatech.bncollege.com'),
('Emory University', 'Georgia', 'http://emory.bncollege.com'),
('Georgia Gwinnett College', 'Georgia', 'http://ggc.bncollege.com'),
('Georgia Tech', 'Georgia', 'http://gatech.bncollege.com/'),
('Mercer University - Atlanta Campus', 'Georgia', 'http://mercer-atlanta.bkstore.com'),
('Mercer University - Macon Campus', 'Georgia', 'http://mercer-macon.bncollege.com/webapp/wcs/stores/servlet/BNCBHomePage?storeId=31551&catalogId=10001&langId=-1'),
('Oxford College', 'Georgia', 'http://oxford.bncollege.com'),
('Piedmont College', 'Georgia', 'http://piedmont.bkstore.com'),
('Southern Polytechnic State University', 'Georgia', 'http://spsu.bkstore.com'),
('The College of Idaho', 'Idaho', 'http://collegeofidaho.bncollege.com/webapp/wcs/stores/servlet/BNCBHomePage?storeId=52066&catalogId=10001&langId=-1'),
('Benedictine University', 'Illinois', 'http://ben.bkstore.com'),
('Bradley University', 'Illinois', 'http://bradley.bncollege.com'),
('DePaul University Lincoln Park Campus', 'Illinois', 'http://depaul.bkstore.com'),
('DePaul University Loop Campus', 'Illinois', 'http://depaulloop.bkstore.com'),
('Gleacher Center at the University of Chicago', 'Illinois', 'http://chicagogsb.bkstore.com'),
('IIT Chicago - Kent College of Law', 'Illinois', 'http://dtc.bkstore.com'),
('Illinois Institute of Technology', 'Illinois', 'http://iit.bkstore.com'),
('Illinois State University', 'Illinois', 'http://ilstu.bncollege.com/'),
('Northwestern University', 'Illinois', 'http://northwestern.bkstore.com'),
('Northwestern University - Feinberg School of Medicine', 'Illinois', 'http://abbotthall.bkstore.com'),
('Prairie State College', 'Illinois', 'http://prairie.bkstore.com'),
('Rock Valley College', 'Illinois', 'http://rvc.bncollege.com'),
('Roosevelt University', 'Illinois', 'http://roosevelt.bncollege.com'),
('Southwestern Illinois College - Belleville Campus', 'Illinois', 'http://swic-belleville.bncollege.com'),
('Southwestern Illinois College - Granite City Campus', 'Illinois', 'http://swic-granite.bncollege.com/webapp/wcs/stores/servlet/BNCBHomePage?storeId=19553&catalogId=10001&langId=-1'),
('University of Chicago', 'Illinois', 'http://uchicago.bkstore.com'),
('University of St. Francis', 'Illinois', 'http://stfrancis.bncollege.com'),
('Ball State University', 'Indiana', 'http://bsu.bncollege.com/'),
('DePauw University', 'Indiana', 'http://depauw.bncollege.com/webapp/wcs/stores/servlet/BNCBHomePage?storeId=44561&catalogId=10001&langId=-1'),
('Hanover College', 'Indiana', 'http://hanover.bncollege.com'),
('Indiana State University', 'Indiana', 'http://indiana-state.bncollege.com'),
('Indiana University Bloomington - Memorial Union', 'Indiana', 'http://iub.bncollege.com'),
('Indiana University East', 'Indiana', 'http://iue.bncollege.com'),
('Indiana University Kokomo', 'Indiana', 'http://iuk.bncollege.com'),
('Indiana University Northwest', 'Indiana', 'http://iun.bncollege.com'),
('Indiana University South Bend', 'Indiana', 'http://iusb.bncollege.com'),
('Indiana University Southeast', 'Indiana', 'http://ius.bncollege.com'),
('Indiana University-Purdue University Columbus', 'Indiana', 'http://columbus-iupui.bncollege.com'),
('Indiana University-Purdue University Indianapolis', 'Indiana', 'http://iupui.bncollege.com'),
('University of Saint Francis', 'Indiana', 'http://usf.bkstore.com'),
('Loras College', 'Iowa', 'http://loras.bkstore.com'),
('Emporia State University', 'Kansas', 'http://emporia.bkstore.com'),
('Pittsburg State University', 'Kansas', 'http://pittstate.bkstore.com'),
('Campbellsville University', 'Kentucky', 'http://campbellsville.bkstore.com'),
('Eastern Kentucky University', 'Kentucky', 'http://eku.bncollege.com'),
('Eastern Kentucky University - Corbin Campus', 'Kentucky', 'http://eku-corbin.bncollege.com'),
('Kentucky Community and Technical College System', 'Kentucky', ''),
('Thomas More College', 'Kentucky', 'http://thomasmore.bkstore.com'),
('University of Louisville', 'Kentucky', 'http://louisville.bncollege.com/'),
('University of Louisville School of Medicine', 'Kentucky', 'http://louisville-hsc.bkstore.com'),
('University of the Cumberlands', 'Kentucky', 'http://cumber.bkstore.com'),
('Delgado Community College', 'Louisiana', 'http://dcc.bkstore.com'),
('Grambling State University', 'Louisiana', 'http://gram.bncollege.com'),
('Louisiana State University', 'Louisiana', 'http://lsu.bncollege.com'),
('Louisiana Tech University', 'Louisiana', 'http://latech.bncollege.com'),
('Nicholls State University', 'Louisiana', 'http://nich.bkstore.com'),
('Northwestern State University', 'Louisiana', 'http://nsula.bncollege.com/webapp/wcs/stores/servlet/BNCBHomePage?storeId=58051&catalogId=10001&langId=-1'),
('Northwestern State University Nursing Education Center', 'Louisiana', 'http://nsula-nursing.bncollege.com/webapp/wcs/stores/servlet/BNCBHomePage?storeId=57552&catalogId=10001&langId=-1'),
('Tulane University', 'Louisiana', 'http://tulane.bncollege.com'),
('Tulane University School of Medicine', 'Louisiana', 'http://tulane.bncollege.com/webapp/wcs/stores/servlet/BNCBHomePage?storeId=56054&campusId=56054&jspStoreDir=tulane&userId=31451006&catalogId=10001&ddkey=BNCBMultiCampusPageCmd'),
('Xavier University of Louisiana', 'Louisiana', 'http://xula.bkstore.com'),
('Cecil College', 'Maryland', 'http://cecil.bncollege.com'),
('Chesapeake College', 'Maryland', 'http://chesapeake.bkstore.com'),
('College of Notre Dame of Maryland', 'Maryland', 'http://ndm.bncollege.com'),
('Coppin State University', 'Maryland', 'http://coppin.bncollege.com'),
('Goucher College', 'Maryland', 'http://goucher.bkstore.com'),
('Hood College', 'Maryland', 'http://hood.bkstore.com'),
('Johns Hopkins University', 'Maryland', 'http://johns-hopkins.bncollege.com/'),
('Johns Hopkins University - Peabody Institute', 'Maryland', 'http://jhu-peabody.bncollege.com'),
('Loyola University Maryland', 'Maryland', 'http://loyola.bncollege.com'),
('McDaniel College', 'Maryland', 'http://mcdaniel.bkstore.com'),
('Mount Saint Mary''s University', 'Maryland', 'http://msmc.bkstore.com'),
('Universities at Shady Grove', 'Maryland', 'http://shadygrove.bncollege.com/webapp/wcs/stores/servlet/BNCBHomePage?catalogId=10001&storeId=39051&langId=-1&level=1'),
('University of Baltimore', 'Maryland', 'http://ubalt.bncollege.com/webapp/wcs/stores/servlet/BNCBHomePage?storeId=46551&catalogId=10001&langId=-1'),
('University of Maryland Baltimore', 'Maryland', 'http://umb.bkstore.com'),
('University of Maryland College Park', 'Maryland', 'http://umcp.bncollege.com/'),
('Washington College', 'Maryland', 'http://washcoll.bncollege.com'),
('Wor-Wic Community College', 'Maryland', 'http://worwic.bkstore.com'),
('Babson College', 'Massachusetts', 'http://babson.bkstore.com'),
('Bentley College', 'Massachusetts', 'http://bentley.bncollege.com'),
('Berklee College of Music', 'Massachusetts', 'http://berklee.bkstore.com'),
('Boston University', 'Massachusetts', 'http://bu.bncollege.com'),
('Brandeis University', 'Massachusetts', 'http://brandeis.bkstore.com'),
('Bunker Hill Community College', 'Massachusetts', 'http://bhcc.bkstore.com'),
('Clark University', 'Massachusetts', 'http://clarku.bncollege.com'),
('Emerson College', 'Massachusetts', 'http://emerson.bncollege.com'),
('Harvard Coop Law School', 'Massachusetts', 'http://harvard-law.bncollege.com/webapp/wcs/stores/servlet/BNCBHomePage?storeId=57054&catalogId=10001&langId=-1'),
('Harvard Coop Society', 'Massachusetts', 'http://harvard.bkstore.com'),
('Harvard Medical Coop', 'Massachusetts', 'http://harvardcoopmed.bncollege.com'),
('Lesley University', 'Massachusetts', 'http://lesley.bkstore.com'),
('Merrimack College', 'Massachusetts', 'http://merrimack.bkstore.com'),
('MIT Coop at Kendall Square', 'Massachusetts', 'http://mit.bkstore.com'),
('Mount Wachusett Community College', 'Massachusetts', 'http://mwcc.bkstore.com'),
('Newbury College', 'Massachusetts', 'http://newbury.bkstore.com'),
('Nichols College', 'Massachusetts', 'http://nichols.bkstore.com'),
('Northeastern University', 'Massachusetts', 'http://northeastern.bncollege.com/'),
('Northern Essex Community College - Haverhill Campus', 'Massachusetts', 'http://necc.bkstore.com'),
('Simmons College', 'Massachusetts', 'http://simmons.bncollege.com'),
('Tufts University', 'Massachusetts', 'http://tufts.bncollege.com'),
('Tufts University - Health Sciences Campus', 'Massachusetts', 'http://tufts-med.bncollege.com/webapp/wcs/stores/servlet/BNCBHomePage?catalogId=10001&storeId=21051&langId=-1&level=1'),
('University of Massachusetts Lowell - Downtown', 'Massachusetts', 'http://umlowell-downtown.bkstore.com'),
('University of Massachusetts Lowell - North Campus', 'Massachusetts', 'http://umlowell.bkstore.com'),
('University of Massachusetts Lowell - South Campus', 'Massachusetts', 'http://umlowell.bncollege.com'),
('Westfield State College', 'Massachusetts', 'http://westfieldstate.bncollege.com'),
('Worcester Polytechnic Institute', 'Massachusetts', 'http://wpi.bkstore.com'),
('Albion College', 'Michigan', 'http://albion.bkstore.com'),
('Ferris State University', 'Michigan', 'http://ferris.bncollege.com'),
('Ferris State University - Kendall Center', 'Michigan', 'http://kendall-fsu.bncollege.com'),
('Lake Michigan College', 'Michigan', 'http://lake-michigan.bkstore.com'),
('Lake Michigan College - South Haven Campus', 'Michigan', 'http://lakemichigan-shc.bncollege.com/webapp/wcs/stores/servlet/BNCBHomePage?catalogId=10001&storeId=52080&langId=-1&level=1'),
('Lake Superior State University', 'Michigan', 'http://lssu.bkstore.com'),
('Lawrence Technological University', 'Michigan', 'http://lawrence-tech.bncollege.com'),
('Madonna University', 'Michigan', 'http://madonna.bkstore.com'),
('Marygrove College', 'Michigan', 'http://marygrove.bkstore.com'),
('Muskegon Community College', 'Michigan', 'http://muskegoncc.bkstore.com'),
('Oakland University', 'Michigan', 'http://oakland.bncollege.com'),
('Saginaw Valley State University', 'Michigan', 'http://svsu.bncollege.com'),
('Siena Heights University', 'Michigan', 'http://sienahts.bncollege.com/webapp/wcs/stores/servlet/BNCBHomePage?storeId=19059&catalogId=10001&langId=-1'),
('The University of Michigan', 'Michigan', 'http://umichigan.bncollege.com'),
('University of Detroit Mercy', 'Michigan', 'http://udmercy.bkstore.com'),
('University of Detroit Mercy School of Law', 'Michigan', 'http://udmercy-law.bkstore.com'),
('University of Michigan - Ann Arbor North Campus', 'Michigan', 'http://umnorth.bncollege.com'),
('University of Michigan - Dearborn', 'Michigan', 'http://umd.bncollege.com'),
('University of Michigan - Flint', 'Michigan', 'http://umflint.bncollege.com'),
('Walsh College', 'Michigan', 'http://walshcollege.bkstore.com'),
('Washtenaw Community College', 'Michigan', 'http://washtenaw.bncollege.com'),
('Wayne State University', 'Michigan', 'http://wayne.bncollege.com'),
('Augsburg College', 'Minnesota', 'http://augsburg.bkstore.com'),
('Bemidji State University', 'Minnesota', 'http://bemidji.bkstore.com'),
('Minnesota State University at Mankato', 'Minnesota', 'http://mnsu-mankato.bncollege.com'),
('Saint Mary''s University of Minnesota', 'Minnesota', 'http://st-marys.bkstore.com'),
('Saint Mary''s University of Minnesota Graduate Campus', 'Minnesota', 'http://stmarys-grad.bkstore.com'),
('Southwest Minnesota State University', 'Minnesota', 'http://smsu.bncollege.com'),
('Mississippi State University', 'Mississippi', 'http://msstate.bncollege.com'),
('Mississippi State University - Meridian Campus', 'Mississippi', 'http://msstatemeridian.bncollege.com'),
('University of Mississippi', 'Mississippi', 'http://ole-miss.bncollege.com'),
('University of Southern Mississippi', 'Mississippi', 'http://usm.bncollege.com/'),
('University of Southern Mississippi - Gulf Park Campus', 'Mississippi', 'http://usmgc.bncollege.com'),
('William Carey University', 'Mississippi', 'http://wmcarey.bkstore.com'),
('Columbia College', 'Missouri', 'http://ccis.bkstore.com'),
('Missouri Valley College', 'Missouri', 'http://moval.bkstore.com'),
('Missouri Western State University', 'Missouri', 'http://mwsc.bkstore.com'),
('Northwest Missouri State University', 'Missouri', 'http://nwmissouri.bkstore.com'),
('Park University', 'Missouri', 'http://park.bkstore.com'),
('Rockhurst University', 'Missouri', 'http://rockhurst.bkstore.com'),
('Saint Louis University', 'Missouri', 'http://slu.bncollege.com'),
('Truman State University', 'Missouri', 'http://truman.bncollege.com'),
('Washington University in St. Louis School of Medicine', 'Missouri', 'http://washingtonmed.bkstore.com'),
('William Jewell College', 'Missouri', 'http://williamjewell.bkstore.com'),
('University of Nevada - Las Vegas', 'Nevada', 'http://unlv.bncollege.com'),
('Dartmouth College', 'New Hampshire', 'http://dartmouthbooks.bkstore.com'),
('Phillips Exeter Academy', 'New Hampshire', 'http://exeter.bkstore.com'),
('University of New Hampshire', 'New Hampshire', 'http://unh.bncollege.com'),
('University of New Hampshire at Manchester', 'New Hampshire', 'http://unhm.bkstore.com'),
('Bloomfield College', 'New Jersey', 'http://bloomfield.bncollege.com'),
('Camden County College', 'New Jersey', 'http://camdencc.bncollege.com/webapp/wcs/stores/servlet/BNCBHomePage?storeId=22573&catalogId=10001&langId=-1'),
('Camden County College - William G. Rohrer Center Bookstore', 'New Jersey', 'http://camdencc-rohrer.bncollege.com/webapp/wcs/stores/servlet/BNCBHomePage?storeId=56051&catalogId=10001&langId=-1'),
('Cumberland County College', 'New Jersey', 'http://cccnj.bkstore.com'),
('Gloucester County College', 'New Jersey', 'http://gloucestercc.bkstore.com'),
('Kean University', 'New Jersey', 'http://kean.bncollege.com/'),
('New Jersey City University', 'New Jersey', 'http://njcu.bkstore.com'),
('Rowan University', 'New Jersey', 'http://rowanbookstore.bncollege.com'),
('Rutgers The State University of New Jersey New Brunswick Campus', 'New Jersey', 'http://rutgers.bncollege.com'),
('Rutgers the State University of New Jersey Newark Campus', 'New Jersey', 'http://newark-rutgers.bncollege.com'),
('Saint Peter''s College', 'New Jersey', 'http://spc.bncollege.com'),
('Seton Hall University School of Law', 'New Jersey', 'http://shulaw.bkstore.com'),
('The College of New Jersey', 'New Jersey', 'http://tcnj.bncollege.com'),
('Eastern New Mexico University', 'New Mexico', 'http://enmu.bncollege.com'),
('New Mexico State University Alamogordo', 'New Mexico', 'http://nmsu-alamogordo.bncollege.com'),
('New Mexico State University Carlsbad', 'New Mexico', 'http://nmsu-carlsbad.bncollege.com'),
('New Mexico State University Dona Ana', 'New Mexico', 'http://nmsu-dacc.bncollege.com'),
('New Mexico State University Grants', 'New Mexico', 'http://nmsu-grants.bncollege.com'),
('New Mexico State University Las Cruces', 'New Mexico', 'http://nmsu-lascruces.bncollege.com'),
('Adelphi University', 'New York', 'http://adelphi.bncollege.com'),
('Alfred University', 'New York', 'http://alfred.bkstore.com'),
('Bard College', 'New York', 'http://bard.bkstore.com'),
('Binghamton University', 'New York', 'http://binghamton.bncollege.com'),
('Borough of Manhattan Community College (CUNY)', 'New York', 'http://bmcc.bkstore.com'),
('Bronx Community College (CUNY)', 'New York', 'http://bronxcc.bkstore.com'),
('Brooklyn College (CUNY)', 'New York', 'http://brooklyn.bncollege.com/'),
('Brooklyn Law School', 'New York', 'http://brooklaw.bkstore.com'),
('Buffalo State College (SUNY)', 'New York', 'http://buffalostate.bncollege.com'),
('College of Staten Island (CUNY)', 'New York', 'http://csi.bncollege.com'),
('Columbia University in the City of New York', 'New York', 'http://columbia.bkstore.com'),
('Columbia University Medical Center', 'New York', 'http://columbia-med.bkstore.com'),
('Culinary Institute of America', 'New York', 'http://ciachef.bkstore.com'),
('D''Youville College', 'New York', 'http://dyc.bkstore.com'),
('Dominican College of Blauvelt', 'New York', 'http://dc.bkstore.com'),
('Dowling College', 'New York', 'http://dowling.bkstore.com'),
('Farmingdale State College (SUNY)', 'New York', 'http://farmingdale.bkstore.com'),
('Fashion Institute of Technology', 'New York', 'http://fashion.bncollege.com'),
('Fordham University - Lincoln Center', 'New York', 'http://fordham-lc.bncollege.com'),
('Fordham University - Rose Hill Campus', 'New York', 'http://fordham-rosehill.bncollege.com/webapp/wcs/stores/servlet/BNCBHomePage?storeId=27051&campusId=27051&jspStoreDir=fordham-lc&userId=40388541&catalogId=10001&ddkey=BNCBMultiCampusPageCmd'),
('Genesee Community College', 'New York', 'http://geneseecc.bkstore.com'),
('Hamilton College', 'New York', 'http://hamilton.bncollege.com'),
('Hartwick College', 'New York', 'http://hartwick.bkstore.com'),
('Hofstra University', 'New York', 'http://hofstra.bncollege.com'),
('Hostos Community College (CUNY)', 'New York', 'http://hostos.bkstore.com'),
('Hunter College (CUNY)', 'New York', 'http://hunter.bncollege.com'),
('Iona College', 'New York', 'http://iona.bkstore.com'),
('John Jay College of Criminal Justice (CUNY)', 'New York', 'http://jjay.bncollege.com'),
('La Guardia Community College (CUNY)', 'New York', 'http://lagcc.bncollege.com/webapp/wcs/stores/servlet/BNCBHomePage?storeId=25554&catalogId=10001&langId=-1'),
('LeMoyne College', 'New York', 'http://lemoyne.bncollege.com'),
('Long Island University - Brooklyn Campus', 'New York', 'http://liunet-brooklyn.bkstore.com'),
('Long Island University - C.W. Post Campus', 'New York', 'http://liunet.bncollege.com'),
('Main Store', 'New York', 'http://mainstore.bncollege.com'),
('Marist College', 'New York', 'http://marist.bncollege.com'),
('Medgar Evers College (CUNY)', 'New York', 'http://mec.bkstore.com'),
('Nassau Community College', 'New York', 'http://ncc.bkstore.com'),
('Nazareth College of Rochester', 'New York', 'http://naz.bkstore.com'),
('New York Institute of Technology - Manhattan Campus', 'New York', 'http://nyitmetro.bncollege.com/webapp/wcs/stores/servlet/BNCBHomePage?storeId=43054&catalogId=10001&langId=-1'),
('New York Institute of Technology - Old Westbury', 'New York', 'http://nyit.bkstore.com'),
('New York Law School', 'New York', 'http://nyls.bkstore.com'),
('Niagara County Community College', 'New York', 'http://niagaracc.bncollege.com'),
('Niagara University', 'New York', 'http://niagara.bkstore.com'),
('Nyack College', 'New York', 'http://nyack.bkstore.com'),
('Onondaga Community College', 'New York', 'http://onondagacc.bncollege.com'),
('Pace University - New York City Campus', 'New York', 'http://pace.bncollege.com/webapp/wcs/stores/servlet/BNCBHomePage?storeId=23552&catalogId=10001&langId=-1'),
('Pace University - Pleasantville/Briarcliff Campus', 'New York', 'http://pace.bncollege.com/webapp/wcs/stores/servlet/BNCBHomePage?storeId=22560&campusId=22560&jspStoreDir=pace&userId=30748912&catalogId=10001&ddkey=BNCBMultiCampusPageCmd'),
('Pace University School of Law - White Plains Campus', 'New York', 'http://pace.bncollege.com/webapp/wcs/stores/servlet/BNCBHomePage?storeId=22557&campusId=22557&jspStoreDir=pace-pleasant&userId=30748912&catalogId=10001&ddkey=BNCBMultiCampusPageCmd'),
('Queensborough Community College (CUNY)', 'New York', 'http://qcc.bncollege.com/'),
('Rochester Institute of Technology', 'New York', 'http://rit.bncollege.com'),
('Saint Joseph''s College - Suffolk Campus', 'New York', 'http://sjcny.bkstore.com'),
('Saint Joseph''s College, New York', 'New York', 'http://sjcbrooklyn.bkstore.com'),
('St. Francis College', 'New York', 'http://sfc.bkstore.com'),
('St. John Fisher College', 'New York', 'http://sjfc.bkstore.com'),
('Stony Brook University (SUNY)', 'New York', 'http://sunysb.bncollege.com'),
('SUNY Brockport', 'New York', 'http://brockport.bncollege.com/'),
('SUNY Delhi', 'New York', 'http://delhi.bncollege.com/webapp/wcs/stores/servlet/BNCBHomePage?storeId=49051&catalogId=10001&langId=-1'),
('Teachers College, Columbia University', 'New York', 'http://teachers.bkstore.com'),
('The New School', 'New York', 'http://newschool.bncollege.com'),
('Touro College Law Center', 'New York', 'http://tourolaw.bkstore.com'),
('University at Albany (SUNY)', 'New York', 'http://albany.bncollege.com'),
('University of Rochester', 'New York', 'http://urochester.bkstore.com'),
('University of Rochester - School of Medicine & Dentistry', 'New York', 'http://urmc.bkstore.com'),
('University of Rochester - The Eastman School of Music', 'New York', 'http://eastman.bkstore.com'),
('Utica College', 'New York', 'http://utica.bkstore.com'),
('Vassar College', 'New York', 'http://vassar.bkstore.com'),
('Vaughn College of Aeronautics & Technology', 'New York', 'http://aero.bkstore.com'),
('Wagner College', 'New York', 'http://wagner.bkstore.com'),
('Weill Medical College of Cornell University', 'New York', 'http://cornell-med.bkstore.com'),
('York College (CUNY)', 'New York', 'http://york.bkstore.com'),
('Belmont Abbey College', 'North Carolina', 'http://bac.bkstore.com'),
('Campbell University', 'North Carolina', 'http://campbell.bncollege.com'),
('Elon University', 'North Carolina', 'http://elon.bncollege.com'),
('High Point University', 'North Carolina', 'http://highpoint.bkstore.com'),
('Lees-McRae College', 'North Carolina', 'http://lmc.bkstore.com'),
('Mount Olive College', 'North Carolina', 'http://moc.bncollege.com/webapp/wcs/stores/servlet/BNCBHomePage?storeId=53551&catalogId=10001&langId=-1'),
('Rowan-Cabarrus Community College - North Campus', 'North Carolina', 'http://rowan.bkstore.com'),
('Rowan-Cabarrus Community College - South Campus', 'North Carolina', 'http://rowan.bncollege.com/webapp/wcs/stores/servlet/BNCBHomePage?storeId=45057&campusId=45057&jspStoreDir=rowan&userId=30532065&catalogId=10001&ddkey=BNCBMultiCampusPageCmd'),
('Salem Academy & College', 'North Carolina', 'http://salem.bkstore.com'),
('Sandhills Community College', 'North Carolina', 'http://sandhills.bkstore.com'),
('University of North Carolina at Charlotte', 'North Carolina', 'http://uncc.bncollege.com'),
('University of North Carolina at Greensboro', 'North Carolina', 'http://uncg.bncollege.com'),
('University of North Carolina at Wilmington', 'North Carolina', 'http://uncw.bncollege.com'),
('Minot State University', 'North Dakota', 'http://minotstateu.bncollege.com'),
('Cuyahoga Community College Eastern', 'Ohio', 'http://cuyahoga.bncollege.com'),
('Barnes & Noble @ University Lofts (Cleveland)', 'Ohio', 'http://universitylofts.bncollege.com/webapp/wcs/stores/servlet/BNCBHomePage?catalogId=10001&storeId=38554&langId=-1&level=1'),
('Capital University', 'Ohio', 'http://capital.bncollege.com'),
('Capital University Law School', 'Ohio', 'http://capital.bncollege.com/webapp/wcs/stores/servlet/BNCBHomePage?storeId=51555&campusId=51555&jspStoreDir=capitallaw&userId=30042298&catalogId=10001&ddkey=BNCBMultiCampusPageCmd'),
('Case Western Reserve University', 'Ohio', 'http://cwru.bncollege.com/'),
('Central Ohio Technical College', 'Ohio', 'http://osu-newark.bkstore.com'),
('Cuyahoga Community College Metropolitan', 'Ohio', 'http://cuyahoga.bncollege.com'),
('Cuyahoga Community College Western', 'Ohio', 'http://cuyahoga.bncollege.com'),
('Franklin University', 'Ohio', 'http://franklin.bncollege.com/'),
('Marion Technical College', 'Ohio', 'http://marionbookstore.bncollege.com'),
('Oberlin College', 'Ohio', 'http://oberlin.bkstore.com'),
('Ohio Dominican University', 'Ohio', 'http://ohiodominican.bncollege.com'),
('Ohio Northern University', 'Ohio', 'http://onu.bncollege.com/'),
('Shawnee State University', 'Ohio', 'http://shawnee.bkstore.com'),
('The Ohio State University', 'Ohio', 'http://ohiostate.bkstore.com'),
('The Ohio State University Agricultural Technical Institute', 'Ohio', 'http://osu-ati.bncollege.com'),
('The Ohio State University at Marion', 'Ohio', 'http://osumarion1.bncollege.com'),
('The Ohio State University Newark Campus', 'Ohio', 'http://osu-newark.bncollege.com'),
('The University of Toledo', 'Ohio', 'http://utoledo.bncollege.com'),
('University of Akron', 'Ohio', 'http://uakron.bncollege.com'),
('University of Akron - Polsky Campus', 'Ohio', 'http://uakron-polsky.bncollege.com'),
('University of Northwestern Ohio', 'Ohio', 'http://unoh.bncollege.com'),
('University of Toledo Health Science Campus', 'Ohio', 'http://utoledohsc.bncollege.com/webapp/wcs/stores/servlet/BNCBHomePage?catalogId=10001&storeId=46552&langId=-1&level=1'),
('Urbana University', 'Ohio', 'http://urbana.bkstore.com'),
('Walsh University', 'Ohio', 'http://walsh.bkstore.com'),
('Wayne College of the University of Akron', 'Ohio', 'http://wayne-uakron.bncollege.com'),
('Wittenberg University', 'Ohio', 'http://wittenberg.bkstore.com'),
('Wright State University', 'Ohio', 'http://wright.bncollege.com/'),
('Northeastern State University - Broken Arrow', 'Oklahoma', ''),
('Northeastern State University - Tahlequah', 'Oklahoma', ''),
('Oklahoma Baptist University', 'Oklahoma', 'http://okbu.bkstore.com'),
('Rogers State University', 'Oklahoma', 'http://rsu.bkstore.com'),
('Southeastern Oklahoma State University', 'Oklahoma', 'http://sosu.bncollege.com/webapp/wcs/stores/servlet/BNCBHomePage?catalogId=10001&storeId=40051&langId=-1&level=1'),
('University of Central Oklahoma', 'Oklahoma', 'http://ucok.bncollege.com'),
('Concordia University Portland', 'Oregon', 'http://cu-portland.bncollege.com'),
('Pacific University', 'Oregon', 'http://pacific.bkstore.com'),
('University of Portland', 'Oregon', 'http://uportland.bncollege.com'),
('Albright College', 'Pennsylvania', 'http://albright.bncollege.com'),
('Barnes & Noble at Bucknell University', 'Pennsylvania', 'http://bucknell.bncollege.com'),
('Cedar Crest College', 'Pennsylvania', 'http://cedarcrest.bkstore.com'),
('Community College of Beaver County', 'Pennsylvania', 'http://ccbc.bncollege.com'),
('Community College of Philadelphia', 'Pennsylvania', 'http://ccp.bncollege.com'),
('Dickinson School of Law of Penn State', 'Pennsylvania', 'http://dsl.bncollege.com'),
('Drexel University - Center City Campus', 'Pennsylvania', 'http://drexel.bncollege.com/webapp/wcs/stores/servlet/BNCBHomePage?storeId=31064&campusId=31064&jspStoreDir=drexel&userId=31246812&catalogId=10001&ddkey=BNCBMultiCampusPageCmd'),
('Drexel University - College of Medicine', 'Pennsylvania', 'http://drexel.bncollege.com/webapp/wcs/stores/servlet/BNCBHomePage?storeId=31066&campusId=31066&jspStoreDir=drexel-centerci&userId=30580486&catalogId=10001&ddkey=BNCBMultiCampusPageCmd'),
('Drexel University - University City Main Campus', 'Pennsylvania', 'http://drexel.bncollege.com/'),
('Duquesne University', 'Pennsylvania', 'http://duquesne.bncollege.com'),
('Franklin & Marshall College', 'Pennsylvania', 'http://fandm.bncollege.com'),
('Holy Family University', 'Pennsylvania', 'http://holyfamily.bkstore.com'),
('Immaculata University', 'Pennsylvania', 'http://immaculata.bkstore.com'),
('King''s College', 'Pennsylvania', 'http://kings.bncollege.com/webapp/wcs/stores/servlet/BNCBHomePage?catalogId=10001&storeId=11052&langId=-1&level=1'),
('La Salle University', 'Pennsylvania', 'http://lasalle.bncollege.com'),
('Lehigh University', 'Pennsylvania', 'http://lehigh.bncollege.com'),
('Montgomery County Community College Central Campus', 'Pennsylvania', 'http://mc3central.bncollege.com'),
('Montgomery County Community College West Campus', 'Pennsylvania', 'http://mc3west.bncollege.com'),
('Penn State Abington', 'Pennsylvania', 'http://psuabington.bncollege.com'),
('Penn State Altoona', 'Pennsylvania', 'http://psualtoona.bncollege.com'),
('Penn State Beaver', 'Pennsylvania', 'http://psubeaver.bncollege.com'),
('Penn State Berks', 'Pennsylvania', 'http://psuberks.bncollege.com'),
('Penn State Brandywine', 'Pennsylvania', 'http://psudelaware.bncollege.com'),
('Penn State Dubois', 'Pennsylvania', 'http://psudubois.bncollege.com'),
('Penn State Erie, The Behrend College', 'Pennsylvania', 'http://psuerie.bncollege.com'),
('Penn State Fayette, The Eberly Campus', 'Pennsylvania', 'http://psufayette.bncollege.com'),
('Penn State Great Valley School of Graduate Professional Studies', 'Pennsylvania', 'http://psugv.bncollege.com'),
('Penn State Greater Allegheny', 'Pennsylvania', 'http://psumk.bncollege.com'),
('Penn State Harrisburg', 'Pennsylvania', 'http://psuharrisburg.bncollege.com'),
('Penn State Hazleton', 'Pennsylvania', 'http://psuhazleton.bncollege.com'),
('Penn State Lehigh Valley', 'Pennsylvania', 'http://psuallentown.bncollege.com'),
('Penn State Milton S. Hershey Medical Center', 'Pennsylvania', 'http://hershey-med.bncollege.com'),
('Penn State Mont Alto', 'Pennsylvania', 'http://psuma.bncollege.com'),
('Penn State New Kensington', 'Pennsylvania', 'http://psunk.bncollege.com'),
('Penn State Schuylkill', 'Pennsylvania', 'http://psusl.bncollege.com'),
('Penn State Shenango', 'Pennsylvania', 'http://psushenango.bncollege.com'),
('Penn State University Park', 'Pennsylvania', 'http://psu.bncollege.com'),
('Penn State Wilkes-Barre', 'Pennsylvania', 'http://psuwb.bncollege.com'),
('Penn State Worthington-Scranton', 'Pennsylvania', 'http://psuws.bncollege.com'),
('Penn State York', 'Pennsylvania', 'http://psuyork.bncollege.com'),
('Philadelphia College of Osteopathic Medicine', 'Pennsylvania', 'http://pcom.bkstore.com'),
('Point Park University', 'Pennsylvania', 'http://ppc.bkstore.com'),
('Robert Morris University', 'Pennsylvania', 'http://robert-morris.bkstore.com'),
('Temple University', 'Pennsylvania', 'http://temple.bncollege.com'),
('Temple University - Ambler Campus', 'Pennsylvania', 'http://templeambler.bncollege.com'),
('Temple University - Center City Campus', 'Pennsylvania', 'http://templecenter.bncollege.com'),
('Temple University - Health Sciences Campus', 'Pennsylvania', 'http://temple-med.bncollege.com'),
('Temple University - Law School', 'Pennsylvania', 'http://templelaw.bncollege.com'),
('Temple University - Tyler School of Art', 'Pennsylvania', 'http://templetyler.bncollege.com'),
('University of Pennsylvania', 'Pennsylvania', 'http://upenn.bncollege.com'),
('University of the Sciences', 'Pennsylvania', 'http://uspbookstore.bncollege.com/webapp/wcs/stores/servlet/BNCBHomePage?storeId=56552&catalogId=10001&langId=-1'),
('Ursinus College', 'Pennsylvania', 'http://ursinus.bkstore.com'),
('Wilkes University', 'Pennsylvania', 'http://wilkes.bncollege.com/webapp/wcs/stores/servlet/BNCBHomePage?catalogId=10001&storeId=11051&langId=-1&level=1'),
('Johnson & Wales University - Downtown Campus', 'Rhode Island', 'http://jwu.bncollege.com'),
('Johnson & Wales University - Harborside Campus', 'Rhode Island', 'http://jwu-harborside.bncollege.com'),
('Providence College', 'Rhode Island', 'http://providence.bkstore.com'),
('Roger Williams University', 'Rhode Island', 'http://rwu.bkstore.com'),
('Roger Williams University School of Law', 'Rhode Island', 'http://rwulaw.bkstore.com'),
('Charleston Southern University', 'South Carolina', 'http://csuniv.bkstore.com'),
('Clemson University', 'South Carolina', 'http://clemson.bncollege.com'),
('College of Charleston', 'South Carolina', 'http://cofc.bncollege.com'),
('Furman University', 'South Carolina', 'http://furman.bncollege.com'),
('Horry-Georgetown Technical College', 'South Carolina', 'http://hortec.bkstore.com'),
('Piedmont Technical College', 'South Carolina', 'http://ptc.bkstore.com'),
('The Citadel', 'South Carolina', 'http://thecitadel.bncollege.com'),
('University of South Carolina', 'South Carolina', 'http://sc.bncollege.com/'),
('University of South Carolina Beaufort', 'South Carolina', 'http://sc-beaufort.bncollege.com'),
('University of South Carolina School of Law', 'South Carolina', 'http://sc-law.bncollege.com/webapp/wcs/stores/servlet/BNCBHomePage?storeId=51057&catalogId=10001&langId=-1'),
('University of South Carolina School of Medicine', 'South Carolina', 'http://sc-med.bncollege.com'),
('York Technical College', 'South Carolina', 'http://yorktech.bkstore.com'),
('Augustana College', 'South Dakota', 'http://augustana.bkstore.com'),
('The University of South Dakota', 'South Dakota', 'http://usd.bncollege.com'),
('Columbia State Community College', 'Tennessee', 'http://coscc.bkstore.com'),
('Roane State Community College', 'Tennessee', 'http://rscc.bncollege.com'),
('Roane State Community College - Oak Ridge Branch Campus', 'Tennessee', 'http://rscc-oakridge.bncollege.com/webapp/wcs/stores/servlet/BNCBHomePage?catalogId=10001&storeId=39055&langId=-1&level=1'),
('Student Book Exchange (East Tenn State Univ.)', 'Tennessee', 'http://sbx.bkstore.com'),
('Tennessee Technological University', 'Tennessee', 'http://tenn-tech.bncollege.com'),
('The University of the South', 'Tennessee', 'http://sewanee.bncollege.com'),
('University of Memphis', 'Tennessee', 'http://umemphis.bncollege.com/'),
('University of Memphis School of Law', 'Tennessee', 'http://memphis-law.bncollege.com'),
('University of Tennessee at Chattanooga', 'Tennessee', 'http://utc.bncollege.com/'),
('University of Tennessee at Martin', 'Tennessee', 'http://utm.bncollege.com'),
('University of Tennessee Health Sciences Center', 'Tennessee', 'http://uthsc.bncollege.com/webapp/wcs/stores/servlet/BNCBHomePage?storeId=57051&catalogId=10001&langId=-1'),
('Walters State Community College', 'Tennessee', 'http://wscc.bncollege.com'),
('Austin Community College', 'Texas', 'http://austincc.bncollege.com/webapp/wcs/stores/servlet/BNCBHomePage?catalogId=10001&storeId=47052&langId=-1&level=1'),
('Blinn College - Brenham Campus', 'Texas', 'http://blinn-brenham.bncollege.com'),
('Blinn College - Bryan Campus', 'Texas', 'http://blinncol.bncollege.com'),
('Del Mar College', 'Texas', 'http://delmar.bkstore.com'),
('El Paso Community College - Rio Grande Campus', 'Texas', 'http://epcc-rio.bkstore.com'),
('El Paso Community College - Transmountain Campus', 'Texas', 'http://epcc-transmountain.bkstore.com'),
('El Paso Community College - Valle Verde Campus', 'Texas', 'http://epcc.bncollege.com'),
('Houston Community College', 'Texas', 'http://hccs.bncollege.com/webapp/wcs/stores/servlet/BNCBHomePage?catalogId=10001&storeId=19561&langId=-1&level=1'),
('Lamar State College - Orange', 'Texas', 'http://lamar-orange.bkstore.com'),
('Lamar State College - Port Arthur', 'Texas', 'http://lamar-pa.bkstore.com'),
('Lamar University', 'Texas', 'http://lamar.bkstore.com'),
('Laredo Community College', 'Texas', 'http://laredo.bkstore.com'),
('Midwestern State University', 'Texas', 'http://mwsu.bkstore.com'),
('Rice University', 'Texas', 'http://rice.bncollege.com'),
('Sam Houston State University', 'Texas', 'http://shsu.bncollege.com'),
('San Jacinto College Central', 'Texas', 'http://msjc-central.bncollege.com'),
('San Jacinto College North', 'Texas', 'http://msjc-north.bncollege.com'),
('San Jacinto College South', 'Texas', 'http://msjc-south.bncollege.com'),
('South Texas College', 'Texas', 'http://stc.bkstore.com'),
('South Texas College of Law', 'Texas', 'http://stcl.bkstore.com'),
('Southern Methodist University', 'Texas', 'http://smu.bncollege.com'),
('Stephen F. Austin State University', 'Texas', 'http://sfasu.bncollege.com'),
('Tarleton State University', 'Texas', 'http://tarleton.bkstore.com'),
('Texas A & M University - San Antonio', 'Texas', 'http://tamu-sa.bncollege.com'),
('Texas A&M University', 'Texas', 'http://tamu.bncollege.com/'),
('Texas A&M University - Corpus Christi', 'Texas', 'http://tamucc.bncollege.com'),
('Texas A&M University - Kingsville', 'Texas', 'http://tamu-kingsville.bncollege.com'),
('Texas Christian University', 'Texas', 'http://tcu.bncollege.com'),
('Texas Southern University', 'Texas', 'http://tsu.bncollege.com'),
('Texas Tech University', 'Texas', 'http://texastech.bncollege.com'),
('Texas Tech University Health Sciences Center', 'Texas', 'http://ttuhsc.bncollege.com'),
('Texas Woman''s University', 'Texas', 'http://twu.bncollege.com'),
('Trinity University', 'Texas', 'http://trinityuniv.bncollege.com'),
('University of Houston', 'Texas', 'http://uh.bncollege.com'),
('University of Houston - Clear Lake', 'Texas', 'http://uhclearlake.bncollege.com'),
('University of Houston - Downtown', 'Texas', 'http://uh-downtown.bncollege.com'),
('University of Houston - Sugar Land', 'Texas', 'http://www.uh-sugarland.bncollege.com'),
('University of Texas at Brownsville / Texas Southmost College', 'Texas', 'http://utb.bkstore.com'),
('University of Texas Health Science Center at San Antonio', 'Texas', 'http://uthscsa.bkstore.com'),
('University of Texas Tyler', 'Texas', 'http://uttyler.bncollege.com'),
('Wharton County Junior College', 'Texas', 'http://wcjc.bkstore.com'),
('Central Virginia Community College', 'Virginia', 'http://cvcc.bkstore.com'),
('College of William and Mary', 'Virginia', 'http://wm.bncollege.com/'),
('George Mason University', 'Virginia', 'http://gmu.bncollege.com/'),
('George Mason University - Arlington Campus', 'Virginia', 'http://gmuarlington.bncollege.com/'),
('George Mason University - Prince William Campus', 'Virginia', 'http://gmuprincewilliam.bncollege.com/'),
('J. Sargeant Reynolds Community College', 'Virginia', 'http://jsr.bncollege.com'),
('Liberty University', 'Virginia', 'http://liberty.bncollege.com'),
('Longwood University', 'Virginia', 'http://longwood.bkstore.com'),
('Marymount University', 'Virginia', 'http://marymountu.bkstore.com'),
('Norfolk State University', 'Virginia', 'http://norfolkstate.bncollege.com'),
('NOVA - Northern Virginia Community College', 'Virginia', 'http://nvcc.bncollege.com/'),
('Radford University', 'Virginia', 'http://radford.bncollege.com'),
('Randolph College', 'Virginia', 'http://maconbookshop.bkstore.com'),
('Tidewater Community College', 'Virginia', 'http://tcc.bncollege.com/'),
('Virginia Commonwealth University', 'Virginia', 'http://vcu.bncollege.com'),
('Virginia Commonwealth University Medical School', 'Virginia', 'http://vcumedical.bncollege.com'),
('Virginia Military Institute', 'Virginia', 'http://vmi.bncollege.com'),
('North Seattle Community College', 'Washington', 'http://northscc.bkstore.com'),
('Saint Martin''s University', 'Washington', 'http://stmartin.bncollege.com'),
('Seattle Central Community College', 'Washington', 'http://seattlecentral.bkstore.com'),
('Seattle Pacific University', 'Washington', 'http://spu.bkstore.com'),
('South Seattle Community College', 'Washington', 'http://southscc.bkstore.com'),
('The Bookie, Too', 'Washington', 'http://wsubookie-stadium.bncollege.com'),
('Washington State University', 'Washington', 'http://wsubookie.bncollege.com'),
('Washington State University - Spokane Campus', 'Washington', 'http://wsubookie-spokane.bncollege.com'),
('Washington State University - Tri-Cities Campus', 'Washington', 'http://wsu-tri.bncollege.com'),
('Washington State University - Vancouver Campus', 'Washington', 'http://wsubookie-vancouver.bncollege.com'),
('Fairmont State University', 'West Virginia', 'http://fairmontstate.bncollege.com/'),
('Potomac State College of West Virginia University', 'West Virginia', 'http://wvupotomac.bncollege.com/'),
('West Liberty University', 'West Virginia', 'http://westliberty.bncollege.com'),
('West Virginia Northern Community College - Weirton Campus', 'West Virginia', 'http://wvncc-weirton.bncollege.com/webapp/wcs/stores/servlet/BNCBHomePage?catalogId=10001&storeId=39053&langId=-1&level=1'),
('West Virginia Northern Community College - Wheeling Campus', 'West Virginia', 'http://wvncc.bkstore.com'),
('West Virginia University', 'West Virginia', 'http://wvu.bncollege.com/'),
('West Virginia University at Parkersburg', 'West Virginia', 'http://wvup.bncollege.com/'),
('West Virginia University Evansdale Campus', 'West Virginia', 'http://wvuevansdale.bncollege.com/'),
('West Virginia University Health Sciences Center', 'West Virginia', 'http://wvu-hsc.bncollege.com/'),
('West Virginia University Institute of Technology', 'West Virginia', 'http://wvutech.bncollege.com/'),
('West Virginia University School of Law', 'West Virginia', 'http://wvulaw.bncollege.com/'),
('West Virginia Wesleyan College', 'West Virginia', 'http://wvwc.bkstore.com'),
('Beloit College', 'Wisconsin', 'http://beloit.bkstore.com'),
('Carthage College', 'Wisconsin', 'http://carthage.bkstore.com'),
('Fox Valley Technical College', 'Wisconsin', ''),
('University of Wisconsin - Eau Claire', 'Wisconsin', 'http://uwec.bkstore.com'),
('California State University Fresno', 'California', 'http://www.bkstr.com/webapp/wcs/stores/servlet/StoreCatalogDisplay?catalogId=10001&langId=-1&storeId=10868&demoKey=d'),
('California State University Northridge', 'California', 'http://www.bkstr.com/webapp/wcs/stores/servlet/StoreCatalogDisplay?catalogId=10001&langId=-1&storeId=10057&demoKey=d'),
('California State University Sacramento', 'California', 'http://www.bkstr.com/webapp/wcs/stores/servlet/StoreCatalogDisplay?catalogId=10001&langId=-1&storeId=13528&demoKey=d'),
('California State University San Bernardino', 'California', 'http://www.bkstr.com/webapp/wcs/stores/servlet/StoreCatalogDisplay?catalogId=10001&langId=-1&storeId=13528&demoKey=d'),
('Berkeley', 'CA', 'http://schedule.berkeley.edu/srchfall.html'),
('California State University East Bay', 'California', 'http://www.bkstr.com/webapp/wcs/stores/servlet/StoreCatalogDisplay?catalogId=10001&langId=-1&storeId=38404&demoKey=d'),
('California State University Dominguez Hills', 'California', 'http://www.bkstr.com/webapp/wcs/stores/servlet/StoreCatalogDisplay?catalogId=10001&langId=-1&storeId=10199&demoKey=d'),
('California State University Channel Islands', 'California', 'http://www.bkstr.com/webapp/wcs/stores/servlet/StoreCatalogDisplay?catalogId=10001&langId=-1&storeId=10978&demoKey=d'),
('California Preparatory College', 'California', 'http://www.bkstr.com/webapp/wcs/stores/servlet/StoreCatalogDisplay?catalogId=10001&langId=-1&storeId=94404&demoKey=d'),
('California Maritime Academy', 'California', 'http://www.bkstr.com/webapp/wcs/stores/servlet/StoreCatalogDisplay?catalogId=10001&langId=-1&storeId=10478&demoKey=d'),
('California Lutheran University', 'California', 'http://www.bkstr.com/webapp/wcs/stores/servlet/StoreCatalogDisplay?catalogId=10001&langId=-1&storeId=10076&demoKey=d'),
('Brandman University', 'California', 'http://www.bkstr.com/webapp/wcs/stores/servlet/StoreCatalogDisplay?catalogId=10001&langId=-1&storeId=162404&demoKey=d'),
('Berkeley City College', 'California', 'http://www.bkstr.com/webapp/wcs/stores/servlet/StoreCatalogDisplay?catalogId=10001&langId=-1&storeId=16453&demoKey=d'),
('Barstow Community College', 'California', 'http://www.bkstr.com/webapp/wcs/stores/servlet/StoreCatalogDisplay?catalogId=10001&langId=-1&storeId=13803&demoKey=d');
INSERT INTO `universities` (`college`, `state`, `link`) VALUES
('Art Center College of Design', 'California', 'http://www.bkstr.com/webapp/wcs/stores/servlet/StoreCatalogDisplay?catalogId=10001&langId=-1&storeId=10480&demoKey=d'),
('University Of Arkansas Community College Morrilton', 'Arkansas', 'http://www.bkstr.com/webapp/wcs/stores/servlet/StoreCatalogDisplay?catalogId=10001&langId=-1&storeId=10863&demoKey=d'),
('University Of Arkansas At Pine Bluff', 'Arkansas', 'http://www.bkstr.com/webapp/wcs/stores/servlet/StoreCatalogDisplay?catalogId=10001&langId=-1&storeId=10737&demoKey=d'),
('Baruch College', 'NA', 'http://www.bkstr.com/webapp/wcs/stores/servlet/StoreCatalogDisplay?langId=-1&storeId=10385&demoKey=d&catalogId=10001'),
('University Of Arkansas At Monticello', 'Arkansas', 'http://www.bkstr.com/webapp/wcs/stores/servlet/StoreCatalogDisplay?catalogId=10001&langId=-1&storeId=10860&demoKey=d'),
('University Of Arkansas At Fayetteville', 'Arkansas', 'http://www.bkstr.com/webapp/wcs/stores/servlet/StoreCatalogDisplay?catalogId=10001&langId=-1&storeId=10796&demoKey=d'),
('Univ. of Arkansas Community College at Batesville', 'Arkansas', 'http://www.bkstr.com/webapp/wcs/stores/servlet/StoreCatalogDisplay?catalogId=10001&langId=-1&storeId=46904&demoKey=d'),
('Southern Arkansas University Tech', 'Arkansas', 'http://www.bkstr.com/webapp/wcs/stores/servlet/StoreCatalogDisplay?catalogId=10001&langId=-1&storeId=12328&demoKey=d'),
('Southern Arkansas University Main Campus', 'Arkansas', 'http://www.bkstr.com/webapp/wcs/stores/servlet/StoreCatalogDisplay?catalogId=10001&langId=-1&storeId=10465&demoKey=d'),
('South Arkansas Community College', 'Arkansas', 'http://www.bkstr.com/webapp/wcs/stores/servlet/StoreCatalogDisplay?catalogId=10001&langId=-1&storeId=12228&demoKey=d'),
('Pulaski Technical College', 'Arkansas', 'http://www.bkstr.com/webapp/wcs/stores/servlet/StoreCatalogDisplay?catalogId=10001&langId=-1&storeId=10290&demoKey=d'),
('Phillips CC of the University of Arkansas', 'Arkansas', 'http://www.bkstr.com/webapp/wcs/stores/servlet/StoreCatalogDisplay?catalogId=10001&langId=-1&storeId=11405&demoKey=d'),
('Ouachita Technical College', 'Arkansas', 'http://www.bkstr.com/webapp/wcs/stores/servlet/StoreCatalogDisplay?catalogId=10001&langId=-1&storeId=11405&demoKey=d'),
('Ouachita Baptist University', 'Arkansas', 'http://www.bkstr.com/webapp/wcs/stores/servlet/StoreCatalogDisplay?catalogId=10001&langId=-1&storeId=39404&demoKey=d'),
('National Park Community College', 'Arkansas', 'http://www.bkstr.com/webapp/wcs/stores/servlet/StoreCatalogDisplay?catalogId=10001&langId=-1&storeId=16629&demoKey=d'),
('Mid-South Community College', 'Arkansas', 'http://www.bkstr.com/webapp/wcs/stores/servlet/StoreCatalogDisplay?catalogId=10001&langId=-1&storeId=10525&demoKey=d'),
('John Brown University', 'Arkansas', 'http://www.bkstr.com/webapp/wcs/stores/servlet/StoreCatalogDisplay?catalogId=10001&langId=-1&storeId=10526&demoKey=d'),
('Black River Technical College', 'Arkansas', 'http://www.bkstr.com/webapp/wcs/stores/servlet/StoreCatalogDisplay?catalogId=10001&langId=-1&storeId=134404&demoKey=d'),
('Baptist Health Schools of Nursing & Allied Health', 'Arkansas', 'http://www.bkstr.com/webapp/wcs/stores/servlet/StoreCatalogDisplay?catalogId=10001&langId=-1&storeId=15653&demoKey=d'),
('Arkansas Tech University', 'Arkansas', 'http://www.bkstr.com/webapp/wcs/stores/servlet/StoreCatalogDisplay?catalogId=10001&langId=-1&storeId=10891&demoKey=d'),
('Arkansas State University-Main Campus', 'Arkansas', 'http://www.bkstr.com/webapp/wcs/stores/servlet/StoreCatalogDisplay?catalogId=10001&langId=-1&storeId=10319&demoKey=d'),
('Arkansas State University- Beebe', 'Arkansas', 'http://www.bkstr.com/webapp/wcs/stores/servlet/StoreCatalogDisplay?catalogId=10001&langId=-1&storeId=36404&demoKey=d'),
('Arkansas State University - Mountain Home', 'Arkansas', 'http://www.bkstr.com/webapp/wcs/stores/servlet/StoreCatalogDisplay?catalogId=10001&langId=-1&storeId=36404&demoKey=d'),
('Arkansas Northeastern College', 'Arkansas', 'http://www.bkstr.com/webapp/wcs/stores/servlet/StoreCatalogDisplay?catalogId=10001&langId=-1&storeId=10333&demoKey=d'),
('Student Book Center', 'Arizona', 'http://www.bkstr.com/webapp/wcs/stores/servlet/StoreCatalogDisplay?catalogId=10001&langId=-1&storeId=157404&demoKey=d'),
('South Mountain Community College', 'Arizona', 'http://www.bkstr.com/webapp/wcs/stores/servlet/StoreCatalogDisplay?catalogId=10001&langId=-1&storeId=10059&demoKey=d'),
('Scottsdale Community College', 'Arizona', 'http://www.bkstr.com/webapp/wcs/stores/servlet/StoreCatalogDisplay?catalogId=10001&langId=-1&storeId=10558&demoKey=d'),
('Rio Salado College', 'Arizona', 'http://www.bkstr.com/webapp/wcs/stores/servlet/StoreCatalogDisplay?catalogId=10001&langId=-1&storeId=10230&demoKey=d'),
('Pima Community College', 'Arizona', 'http://www.bkstr.com/webapp/wcs/stores/servlet/StoreCatalogDisplay?catalogId=10001&langId=-1&storeId=10345&demoKey=d'),
('Phoenix College', 'Arizona', 'http://www.bkstr.com/webapp/wcs/stores/servlet/StoreCatalogDisplay?catalogId=10001&langId=-1&storeId=10545&demoKey=d'),
('Paradise Valley Community College', 'Arizona', 'http://www.bkstr.com/webapp/wcs/stores/servlet/StoreCatalogDisplay?catalogId=10001&langId=-1&storeId=10577&demoKey=d'),
('Northern Arizona University', 'Arizona', 'http://www.bkstr.com/webapp/wcs/stores/servlet/StoreCatalogDisplay?catalogId=10001&langId=-1&storeId=15828&demoKey=d'),
('Grand Canyon University', 'Arizona', 'http://content.efollett.com/misc/GrandCanyonUnivPortal.html'),
('Mesa Community College', 'Arizona', 'http://www.bkstr.com/webapp/wcs/stores/servlet/StoreCatalogDisplay?catalogId=10001&langId=-1&storeId=10553&demoKey=d'),
('Glendale Community College', 'Arizona', 'http://www.bkstr.com/webapp/wcs/stores/servlet/StoreCatalogDisplay?catalogId=10001&langId=-1&storeId=10549&demoKey=d'),
('GateWay Community College', 'Arizona', 'http://www.bkstr.com/webapp/wcs/stores/servlet/StoreCatalogDisplay?catalogId=10001&langId=-1&storeId=10564&demoKey=d'),
('Estrella Mountain Community College', 'Arizona', 'http://www.bkstr.com/webapp/wcs/stores/servlet/StoreCatalogDisplay?catalogId=10001&langId=-1&storeId=10383&demoKey=d'),
('Embry Riddle Aeronautical University', 'Arizona', 'http://www.bkstr.com/webapp/wcs/stores/servlet/StoreCatalogDisplay?catalogId=10001&langId=-1&storeId=10689&demoKey=d'),
('Eastern Arizona College', 'Arizona', 'http://www.bkstr.com/webapp/wcs/stores/servlet/StoreCatalogDisplay?catalogId=10001&langId=-1&storeId=10594&demoKey=d'),
('DeVry University- Phoenix', 'Arizona', 'http://www.bkstr.com/webapp/wcs/stores/servlet/StoreCatalogDisplay?catalogId=10001&langId=-1&storeId=11778&demoKey=d'),
('Coconino Community College', 'Arizona', 'http://www.bkstr.com/webapp/wcs/stores/servlet/StoreCatalogDisplay?catalogId=10001&langId=-1&storeId=15878&demoKey=d'),
('Chandler-Gilbert Community College', 'Arizona', 'http://www.bkstr.com/webapp/wcs/stores/servlet/StoreCatalogDisplay?catalogId=10001&langId=-1&storeId=10582&demoKey=d'),
('Boswell/Mcc', 'Arizona', 'http://www.efollett.com/webapp/wcs/stores/servlet/StoreCatalogDisplay?catalogId=10001&langId=-1&storeId=12153&demoKey=d'),
('University of Alaska Fairbanks - CRCD', 'Alaska', 'http://www.bkstr.com/webapp/wcs/stores/servlet/StoreCatalogDisplay?catalogId=10001&langId=-1&storeId=124404&demoKey=d'),
('University of Alaska Fairbanks', 'Alaska', 'http://www.bkstr.com/webapp/wcs/stores/servlet/StoreCatalogDisplay?catalogId=10001&langId=-1&storeId=158904&demoKey=d'),
('University of North Alabama', 'Alabama', 'http://www.bkstr.com/webapp/wcs/stores/servlet/StoreCatalogDisplay?catalogId=10001&langId=-1&storeId=151906&demoKey=d'),
('University of Mobile', 'Alabama', 'http://www.bkstr.com/webapp/wcs/stores/servlet/StoreCatalogDisplay?catalogId=10001&langId=-1&storeId=102904&demoKey=d'),
('Cerritos College', 'California', 'http://www.bkstr.com/webapp/wcs/stores/servlet/StoreCatalogDisplay?catalogId=10001&langId=-1&storeId=10641&demoKey=d'),
('Chapman University', 'California', 'http://www.bkstr.com/webapp/wcs/stores/servlet/StoreCatalogDisplay?catalogId=10001&langId=-1&storeId=10093&demoKey=d'),
('Claremont Colleges', 'California', 'http://www.bkstr.com/webapp/wcs/stores/servlet/StoreCatalogDisplay?catalogId=10001&langId=-1&storeId=15303&demoKey=d'),
('Claremont Graduate University', 'California', 'http://www.bkstr.com/webapp/wcs/stores/servlet/StoreCatalogDisplay?catalogId=10001&langId=-1&storeId=15303&demoKey=d'),
('Claremont McKenna College', 'California', 'http://www.bkstr.com/webapp/wcs/stores/servlet/StoreCatalogDisplay?catalogId=10001&langId=-1&storeId=15303&demoKey=d'),
('Coastline Community College', 'California', 'http://www.bkstr.com/webapp/wcs/stores/servlet/StoreCatalogDisplay?catalogId=10001&langId=-1&storeId=142904&demoKey=d'),
('College Of Alameda', 'California', 'http://www.bkstr.com/webapp/wcs/stores/servlet/StoreCatalogDisplay?catalogId=10001&langId=-1&storeId=10599&demoKey=d'),
('College of the Desert', 'California', 'http://www.bkstr.com/webapp/wcs/stores/servlet/StoreCatalogDisplay?catalogId=10001&langId=-1&storeId=14428&demoKey=d'),
('Copper Mountain College', 'California', 'http://www.bkstr.com/webapp/wcs/stores/servlet/StoreCatalogDisplay?catalogId=10001&langId=-1&storeId=14753&demoKey=d'),
('DeVry University - Long Beach', 'California', 'http://www.bkstr.com/webapp/wcs/stores/servlet/StoreCatalogDisplay?catalogId=10001&langId=-1&storeId=12329&demoKey=d'),
('DeVry University - Pomona', 'California', 'http://www.bkstr.com/webapp/wcs/stores/servlet/StoreCatalogDisplay?catalogId=10001&langId=-1&storeId=12378&demoKey=d'),
('DeVry University-Fremont', 'California', 'http://www.bkstr.com/webapp/wcs/stores/servlet/StoreCatalogDisplay?catalogId=10001&langId=-1&storeId=10474&demoKey=d'),
('Dominican University Of California', 'California', 'http://www.bkstr.com/webapp/wcs/stores/servlet/StoreCatalogDisplay?catalogId=10001&langId=-1&storeId=10718&demoKey=d'),
('Fresno Pacific University-Visalia', 'California', 'http://www.bkstr.com/webapp/wcs/stores/servlet/StoreCatalogDisplay?catalogId=10001&langId=-1&storeId=10868&demoKey=d'),
('Fullerton College', 'California', 'http://www.efollett.com/webapp/wcs/stores/servlet/StoreCatalogDisplay?catalogId=10001&langId=-1&storeId=91406&demoKey=d'),
('Gavilan College', 'California', 'http://www.bkstr.com/webapp/wcs/stores/servlet/StoreCatalogDisplay?catalogId=10001&langId=-1&storeId=10190&demoKey=d'),
('Gemological Institute of America', 'California', 'http://www.bkstr.com/webapp/wcs/stores/servlet/StoreCatalogDisplay?catalogId=10001&langId=-1&storeId=63414&demoKey=d'),
('Golden Gate University', 'California', 'http://www.bkstr.com/webapp/wcs/stores/servlet/StoreCatalogDisplay?catalogId=10001&langId=-1&storeId=10224&demoKey=d'),
('Golden West College', 'California', 'http://www.bkstr.com/webapp/wcs/stores/servlet/StoreCatalogDisplay?catalogId=10001&langId=-1&storeId=147404&demoKey=d'),
('Hartnell College', 'California', 'http://www.bkstr.com/webapp/wcs/stores/servlet/StoreCatalogDisplay?catalogId=10001&langId=-1&storeId=10744&demoKey=d'),
('Harvey Mudd College', 'California', 'http://www.bkstr.com/webapp/wcs/stores/servlet/StoreCatalogDisplay?catalogId=10001&langId=-1&storeId=15303&demoKey=d'),
('Holy Names University', 'California', 'http://www.bkstr.com/webapp/wcs/stores/servlet/StoreCatalogDisplay?catalogId=10001&langId=-1&storeId=10186&demoKey=d'),
('Hope International University', 'California', 'http://www.bkstr.com/webapp/wcs/stores/servlet/StoreCatalogDisplay?catalogId=10001&langId=-1&storeId=10340&demoKey=d'),
('Imperial Valley College', 'California', 'http://www.bkstr.com/webapp/wcs/stores/servlet/StoreCatalogDisplay?catalogId=10001&langId=-1&storeId=10101&demoKey=d'),
('Irvine Valley College', 'California', 'http://www.bkstr.com/webapp/wcs/stores/servlet/StoreCatalogDisplay?catalogId=10001&langId=-1&storeId=10238&demoKey=d'),
('Keck Graduate Institute', 'California', 'http://www.bkstr.com/webapp/wcs/stores/servlet/StoreCatalogDisplay?catalogId=10001&langId=-1&storeId=15303&demoKey=d'),
('La Sierra University', 'California', 'http://www.bkstr.com/webapp/wcs/stores/servlet/StoreCatalogDisplay?catalogId=10001&langId=-1&storeId=10187&demoKey=d'),
('Laney College', 'California', 'http://www.bkstr.com/webapp/wcs/stores/servlet/StoreCatalogDisplay?catalogId=10001&langId=-1&storeId=10687&demoKey=d'),
('Las Positas College', 'California', 'http://www.bkstr.com/webapp/wcs/stores/servlet/StoreCatalogDisplay?catalogId=10001&langId=-1&storeId=10499&demoKey=d'),
('Los Angeles Trade Technical College', 'California', 'http://www.bkstr.com/webapp/wcs/stores/servlet/StoreCatalogDisplay?catalogId=10001&langId=-1&storeId=92404&demoKey=d'),
('Loyola Marymount University', 'California', 'http://www.bkstr.com/webapp/wcs/stores/servlet/StoreCatalogDisplay?catalogId=10001&langId=-1&storeId=10690&demoKey=d'),
('Marymount College', 'California', 'http://www.bkstr.com/webapp/wcs/stores/servlet/StoreCatalogDisplay?catalogId=10001&langId=-1&storeId=10570&demoKey=d'),
('Menlo College', 'California', 'http://www.bkstr.com/webapp/wcs/stores/servlet/StoreCatalogDisplay?catalogId=10001&langId=-1&storeId=12853&demoKey=d'),
('Merritt College', 'California', 'http://www.bkstr.com/webapp/wcs/stores/servlet/StoreCatalogDisplay?catalogId=10001&langId=-1&storeId=10276&demoKey=d'),
('Mills College', 'California', 'http://www.bkstr.com/webapp/wcs/stores/servlet/StoreCatalogDisplay?catalogId=10001&langId=-1&storeId=10696&demoKey=d'),
('MiraCosta College - Oceanside', 'California', 'http://www.bkstr.com/webapp/wcs/stores/servlet/StoreCatalogDisplay?catalogId=10001&langId=-1&storeId=10598&demoKey=d'),
('MiraCosta College - San Elijo', 'California', 'http://www.bkstr.com/webapp/wcs/stores/servlet/StoreCatalogDisplay?catalogId=10001&langId=-1&storeId=10608&demoKey=d'),
('Monterey Peninsula College', 'California', 'http://www.bkstr.com/webapp/wcs/stores/servlet/StoreCatalogDisplay?catalogId=10001&langId=-1&storeId=10259&demoKey=d'),
('National University', 'California', 'http://www.bkstr.com/webapp/wcs/stores/servlet/StoreCatalogDisplay?catalogId=10001&langId=-1&storeId=14153&demoKey=d'),
('Notre Dame De Namur University', 'California', 'http://www.bkstr.com/webapp/wcs/stores/servlet/StoreCatalogDisplay?catalogId=10001&langId=-1&storeId=10129&demoKey=d'),
('Ohlone College', 'California', 'http://www.bkstr.com/webapp/wcs/stores/servlet/StoreCatalogDisplay?catalogId=10001&langId=-1&storeId=182905&demoKey=d'),
('Orange Coast College', 'California', 'http://www.bkstr.com/webapp/wcs/stores/servlet/StoreCatalogDisplay?catalogId=10001&langId=-1&storeId=30404&demoKey=d'),
('Palomar Community College', 'California', 'http://www.bkstr.com/webapp/wcs/stores/servlet/StoreCatalogDisplay?catalogId=10001&langId=-1&storeId=10216&demoKey=d'),
('Pepperdine University', 'California', 'http://www.bkstr.com/webapp/wcs/stores/servlet/StoreCatalogDisplay?catalogId=10001&langId=-1&storeId=10216&demoKey=d'),
('Pitzer College', 'California', 'http://www.bkstr.com/webapp/wcs/stores/servlet/StoreCatalogDisplay?catalogId=10001&langId=-1&storeId=15303&demoKey=d'),
('Pomona College', 'California', 'http://www.bkstr.com/webapp/wcs/stores/servlet/StoreCatalogDisplay?catalogId=10001&langId=-1&storeId=15303&demoKey=d'),
('Rio Hondo College', 'California', 'http://www.bkstr.com/webapp/wcs/stores/servlet/StoreCatalogDisplay?catalogId=10001&langId=-1&storeId=10213&demoKey=d'),
('Saddleback College', 'California', 'http://www.bkstr.com/webapp/wcs/stores/servlet/StoreCatalogDisplay?catalogId=10001&langId=-1&storeId=10239&demoKey=d'),
('Samuel Merritt University', 'California', 'http://www.bkstr.com/webapp/wcs/stores/servlet/StoreCatalogDisplay?catalogId=10001&langId=-1&storeId=12403&demoKey=d'),
('San Joaquin College of Law', 'California', 'http://www.bkstr.com/webapp/wcs/stores/servlet/StoreCatalogDisplay?catalogId=10001&langId=-1&storeId=10868&demoKey=d'),
('Scripps College', 'California', 'http://www.bkstr.com/webapp/wcs/stores/servlet/StoreCatalogDisplay?catalogId=10001&langId=-1&storeId=15303&demoKey=d'),
('Shasta-Tehama-Trinity Community College District', 'California', 'http://www.bkstr.com/webapp/wcs/stores/servlet/StoreCatalogDisplay?catalogId=10001&langId=-1&storeId=10091&demoKey=d'),
('Simpson University', 'California', 'http://www.bkstr.com/webapp/wcs/stores/servlet/StoreCatalogDisplay?catalogId=10001&langId=-1&storeId=15353&demoKey=d'),
('Southwestern Law School', 'California', 'http://www.bkstr.com/webapp/wcs/stores/servlet/StoreCatalogDisplay?catalogId=10001&langId=-1&storeId=10346&demoKey=d'),
('Stanford University', 'California', 'http://www.bkstr.com/webapp/wcs/stores/servlet/StoreCatalogDisplay?catalogId=10001&langId=-1&storeId=10161&demoKey=d'),
('UC Hastings College of the Law', 'California', 'http://www.bkstr.com/webapp/wcs/stores/servlet/StoreCatalogDisplay?catalogId=10001&langId=-1&storeId=35904&demoKey=d'),
('University of California, Berkeley', 'California', 'http://www.bkstr.com/webapp/wcs/stores/servlet/StoreCatalogDisplay?catalogId=10001&langId=-1&storeId=10433&demoKey=d'),
('University of La Verne', 'California', 'http://www.bkstr.com/webapp/wcs/stores/servlet/StoreCatalogDisplay?catalogId=10001&langId=-1&storeId=10433&demoKey=d'),
('University of San Francisco', 'California', 'http://www.bkstr.com/webapp/wcs/stores/servlet/StoreCatalogDisplay?catalogId=10001&langId=-1&storeId=10134&demoKey=d'),
('Visalia Adult School', 'California', 'http://www.bkstr.com/webapp/wcs/stores/servlet/StoreCatalogDisplay?catalogId=10001&langId=-1&storeId=10868&demoKey=d'),
('West Hills College', 'California', 'http://www.bkstr.com/webapp/wcs/stores/servlet/StoreCatalogDisplay?catalogId=10001&langId=-1&storeId=10868&demoKey=d'),
('Whittier College', 'California', 'http://www.bkstr.com/webapp/wcs/stores/servlet/StoreCatalogDisplay?catalogId=10001&langId=-1&storeId=13529&demoKey=d'),
('Whittier Law School', 'California', 'http://www.bkstr.com/webapp/wcs/stores/servlet/StoreCatalogDisplay?catalogId=10001&langId=-1&storeId=13530&demoKey=d'),
('Woodbury University', 'California', 'http://www.bkstr.com/webapp/wcs/stores/servlet/StoreCatalogDisplay?catalogId=10001&langId=-1&storeId=12404&demoKey=d'),
('Woodland Community College', 'California', 'http://www.bkstr.com/webapp/wcs/stores/servlet/StoreCatalogDisplay?catalogId=10001&langId=-1&storeId=10756&demoKey=d'),
('Yuba Community College District', 'California', 'http://www.bkstr.com/webapp/wcs/stores/servlet/StoreCatalogDisplay?catalogId=10001&langId=-1&storeId=10756&demoKey=d'),
('Adams State College', 'Colorado', 'http://www.bkstr.com/webapp/wcs/stores/servlet/StoreCatalogDisplay?catalogId=10001&langId=-1&storeId=17028&demoKey=d'),
('Aims Community College', 'Colorado', 'http://www.bkstr.com/webapp/wcs/stores/servlet/StoreCatalogDisplay?catalogId=10001&langId=-1&storeId=10832&demoKey=d'),
('Arapahoe Community College', 'Colorado', 'http://www.bkstr.com/webapp/wcs/stores/servlet/StoreCatalogDisplay?catalogId=10001&langId=-1&storeId=10099&demoKey=d'),
('Auraria Campus Bookstore', 'Colorado', 'http://www.bkstr.com/webapp/wcs/stores/servlet/StoreCatalogDisplay?catalogId=10001&langId=-1&storeId=10786&demoKey=d'),
('Colorado Christian University', 'Colorado', 'http://www.bkstr.com/webapp/wcs/stores/servlet/StoreCatalogDisplay?catalogId=10001&langId=-1&storeId=10179&demoKey=d'),
('Colorado Mountain College', 'Colorado', 'http://www.bkstr.com/webapp/wcs/stores/servlet/StoreCatalogDisplay?catalogId=10001&langId=-1&storeId=10179&demoKey=d'),
('Colorado State University', 'Colorado', 'http://www.bookstore.colostate.edu/'),
('Community College Of Aurora', 'Colorado', 'http://www.bkstr.com/webapp/wcs/stores/servlet/StoreCatalogDisplay?catalogId=10001&langId=-1&storeId=10610&demoKey=d'),
('DeVry University - Westminster', 'Colorado', 'http://www.bkstr.com/webapp/wcs/stores/servlet/StoreCatalogDisplay?catalogId=10001&langId=-1&storeId=11829&demoKey=d'),
('Denver Seminary', 'Colorado', 'http://www.bkstr.com/webapp/wcs/stores/servlet/StoreCatalogDisplay?catalogId=10001&langId=-1&storeId=36904&demoKey=d'),
('FRCC Larimer Campus', 'Colorado', 'http://www.bkstr.com/webapp/wcs/stores/servlet/StoreCatalogDisplay?catalogId=10001&langId=-1&storeId=10778&demoKey=d'),
('Fort Lewis College', 'Colorado', 'http://www.bkstr.com/webapp/wcs/stores/servlet/StoreCatalogDisplay?catalogId=10001&langId=-1&storeId=110404&demoKey=d'),
('Front Range Bookstore', 'Colorado', 'http://www.efollett.com/webapp/wcs/stores/servlet/StoreCatalogDisplay?catalogId=10001&langId=-1&storeId=91404&demoKey=d'),
('Front Range Bookstore - Boulder County', 'Colorado', 'http://www.efollett.com/webapp/wcs/stores/servlet/StoreCatalogDisplay?catalogId=10001&langId=-1&storeId=91405&demoKey=d'),
('Johnson & Wales University - Denver', 'Colorado', 'http://www.bkstr.com/webapp/wcs/stores/servlet/StoreCatalogDisplay?catalogId=10001&langId=-1&storeId=153904&demoKey=d'),
('Mesa State College', 'Colorado', 'http://www.bkstr.com/webapp/wcs/stores/servlet/StoreCatalogDisplay?catalogId=10001&langId=-1&storeId=11378&demoKey=d'),
('Regis University', 'Colorado', 'http://www.bkstr.com/webapp/wcs/stores/servlet/StoreCatalogDisplay?catalogId=10001&langId=-1&storeId=11378&demoKey=d'),
('University Of Colorado At Boulder', 'Colorado', 'http://www.cubookstore.com/'),
('Albertus Magnus College', 'Connecticut', 'http://www.bkstr.com/webapp/wcs/stores/servlet/StoreCatalogDisplay?catalogId=10001&langId=-1&storeId=10440&demoKey=d'),
('Asnuntuck Community College', 'Connecticut', 'http://www.bkstr.com/webapp/wcs/stores/servlet/StoreCatalogDisplay?catalogId=10001&langId=-1&storeId=10668&demoKey=d'),
('Capital Community College', 'Connecticut', 'http://www.bkstr.com/webapp/wcs/stores/servlet/StoreCatalogDisplay?catalogId=10001&langId=-1&storeId=10684&demoKey=d'),
('Connecticut College', 'Connecticut', 'http://www.bkstr.com/webapp/wcs/stores/servlet/StoreCatalogDisplay?catalogId=10001&langId=-1&storeId=10443&demoKey=d'),
('Fairfield University', 'Connecticut', 'http://www.bkstr.com/webapp/wcs/stores/servlet/StoreCatalogDisplay?catalogId=10001&langId=-1&storeId=10597&demoKey=d'),
('Goodwin College', 'Connecticut', 'http://www.bkstr.com/webapp/wcs/stores/servlet/StoreCatalogDisplay?catalogId=10001&langId=-1&storeId=160404&demoKey=d'),
('Housatonic Community College', 'Connecticut', 'http://www.bkstr.com/webapp/wcs/stores/servlet/StoreCatalogDisplay?catalogId=10001&langId=-1&storeId=10664&demoKey=d'),
('Lyme Academy College of Fine Arts', 'Connecticut', 'http://www.bkstr.com/webapp/wcs/stores/servlet/StoreCatalogDisplay?catalogId=10001&langId=-1&storeId=49407&demoKey=d'),
('Manchester Community College', 'Connecticut', 'http://www.bkstr.com/webapp/wcs/stores/servlet/StoreCatalogDisplay?catalogId=10001&langId=-1&storeId=10653&demoKey=d'),
('Middlesex Community College', 'Connecticut', 'http://www.bkstr.com/webapp/wcs/stores/servlet/StoreCatalogDisplay?catalogId=10001&langId=-1&storeId=10724&demoKey=d'),
('Naugatuck Valley Community College', 'Connecticut', 'http://www.bkstr.com/webapp/wcs/stores/servlet/StoreCatalogDisplay?catalogId=10001&langId=-1&storeId=133404&demoKey=d'),
('Northwestern Connecticut Community College', 'Connecticut', 'http://www.bkstr.com/webapp/wcs/stores/servlet/StoreCatalogDisplay?catalogId=10001&langId=-1&storeId=10693&demoKey=d'),
('Norwalk Community College', 'Connecticut', 'http://www.bkstr.com/webapp/wcs/stores/servlet/StoreCatalogDisplay?catalogId=10001&langId=-1&storeId=133905&demoKey=d'),
('Quinebaug Valley Community College', 'Connecticut', 'http://www.bkstr.com/webapp/wcs/stores/servlet/StoreCatalogDisplay?catalogId=10001&langId=-1&storeId=133906&demoKey=d'),
('Quinebaug Valley Community College Willimantic Ctr', 'Connecticut', 'http://www.bkstr.com/webapp/wcs/stores/servlet/StoreCatalogDisplay?catalogId=10001&langId=-1&storeId=133907&demoKey=d'),
('Quinnipiac University', 'Connecticut', 'http://www.bkstr.com/webapp/wcs/stores/servlet/StoreCatalogDisplay?catalogId=10001&langId=-1&storeId=10494&demoKey=d'),
('Quinnipiac University North Haven', 'Connecticut', 'http://www.bkstr.com/webapp/wcs/stores/servlet/StoreCatalogDisplay?catalogId=10001&langId=-1&storeId=131404&demoKey=d'),
('Sacred Heart University', 'Connecticut', 'http://www.bkstr.com/webapp/wcs/stores/servlet/StoreCatalogDisplay?catalogId=10001&langId=-1&storeId=10615&demoKey=d'),
('Saint Joseph College', 'Connecticut', 'http://www.bkstr.com/webapp/wcs/stores/servlet/StoreCatalogDisplay?catalogId=10001&langId=-1&storeId=10274&demoKey=d'),
('Three Rivers Community College', 'Connecticut', 'http://www.bkstr.com/webapp/wcs/stores/servlet/StoreCatalogDisplay?catalogId=10001&langId=-1&storeId=10620&demoKey=d'),
('Tunxis Community College', 'Connecticut', 'http://www.bkstr.com/webapp/wcs/stores/servlet/StoreCatalogDisplay?catalogId=10001&langId=-1&storeId=133904&demoKey=d'),
('University Of Hartford', 'Connecticut', 'http://www.bkstr.com/webapp/wcs/stores/servlet/StoreCatalogDisplay?catalogId=10001&langId=-1&storeId=10195&demoKey=d'),
('University Of New Haven', 'Connecticut', 'http://www.bkstr.com/webapp/wcs/stores/servlet/StoreCatalogDisplay?catalogId=10001&langId=-1&storeId=10270&demoKey=d'),
('University of Bridgeport', 'Connecticut', 'http://www.bkstr.com/webapp/wcs/stores/servlet/StoreCatalogDisplay?catalogId=10001&langId=-1&storeId=17353&demoKey=d'),
('Wesleyan University', 'Connecticut', 'http://www.bkstr.com/webapp/wcs/stores/servlet/StoreCatalogDisplay?catalogId=10001&langId=-1&storeId=10115&demoKey=d'),
('Delaware State University', 'Delaware', 'http://www.bkstr.com/webapp/wcs/stores/servlet/StoreCatalogDisplay?catalogId=10001&langId=-1&storeId=10738&demoKey=d'),
('Delaware Technical & Community College', 'Delaware', 'http://www.bkstr.com/webapp/wcs/stores/servlet/StoreCatalogDisplay?catalogId=10001&langId=-1&storeId=14578&demoKey=d'),
('American University', 'District of Columbia', 'http://www.bkstr.com/webapp/wcs/stores/servlet/StoreCatalogDisplay?catalogId=10001&langId=-1&storeId=10061&demoKey=d'),
('Georgetown University', 'District of Columbia', 'http://www.bkstr.com/webapp/wcs/stores/servlet/StoreCatalogDisplay?catalogId=10001&langId=-1&storeId=10370&demoKey=d'),
('The Catholic University Of America', 'District of Columbia', 'http://www.bkstr.com/webapp/wcs/stores/servlet/StoreCatalogDisplay?catalogId=10001&langId=-1&storeId=10559&demoKey=d'),
('Trinity', 'District of Columbia', 'http://www.bkstr.com/webapp/wcs/stores/servlet/StoreCatalogDisplay?catalogId=10001&langId=-1&storeId=10105&demoKey=d'),
('University Of The District Of Columbia', 'District of Columbia', 'http://www.bkstr.com/webapp/wcs/stores/servlet/StoreCatalogDisplay?catalogId=10001&langId=-1&storeId=10408&demoKey=d'),
('Ave  Maria University', 'Florida', 'http://www.bkstr.com/webapp/wcs/stores/servlet/StoreCatalogDisplay?catalogId=10001&langId=-1&storeId=11528&demoKey=d'),
('Barry University', 'Florida', 'http://www.bkstr.com/webapp/wcs/stores/servlet/StoreCatalogDisplay?catalogId=10001&langId=-1&storeId=10078&demoKey=d'),
('Barry University-School Of Law', 'Florida', 'http://www.bkstr.com/webapp/wcs/stores/servlet/StoreCatalogDisplay?catalogId=10001&langId=-1&storeId=10133&demoKey=d'),
('Bethune-Cookman University', 'Florida', 'http://www.bkstr.com/webapp/wcs/stores/servlet/StoreCatalogDisplay?catalogId=10001&langId=-1&storeId=10539&demoKey=d'),
('UCLA', 'California', 'http://www.uclaestore.com/ucla/textbook_student.asp?ref=ucla'),
('UC Santa Cruz', 'California', 'http://slugstore.ucsc.edu/ePOS?design=baytree&form=shared3/textbooks/main.html&store=721'),
('University of California Santa Cruz', 'California', 'http://slugstore.ucsc.edu/ePOS?design=baytree&form=shared3/textbooks/main.html&store=721'),
('Oregon State University', 'Oregon', 'http://www.osbookstore.com/Textbooks_List.asp?'),
('University of Oregon', 'Oregon', 'http://literaryduck.uoduckstore.com/SelectTermDept.aspx'),
('UC Riverside', NULL, 'http://www.ucrcampusstore.ucr.edu/SelectTermDept.aspx'),
('University of California Riverside', 'California', 'http://www.ucrcampusstore.ucr.edu/SelectTermDept.aspx'),
('UC Santa Barbara', 'California', 'http://www.ucsbstuff.com/SelectTermDept.aspx'),
('University of California San Diego', 'California', 'http://www-bookstore.ucsd.edu/books/textbooks/'),
('UC San Diego', 'California', 'http://www-bookstore.ucsd.edu/books/textbooks/'),
('University of Denver', 'Colorado', 'http://www.dubookstore.com/denver/buy_main.asp?mscssid=996C1D04B515423597185C9F407ABA1F'),
('UC Irvine', 'California', 'http://book.uci.edu/ePOS?form=cat.html&cat=1&store=446'),
('University of California Irvine', 'California', 'http://book.uci.edu/ePOS?form=cat.html&cat=1&store=446'),
('University of Minnesota: Twin Cities', 'MN', 'http://www.bookstores.umn.edu/textbooks/searchbooks.html'),
('Michigan State University', 'MI', 'http://www.spartanbook.com/'),
('University Of Montevallo', 'Alabama', 'http://www.bkstr.com/webapp/wcs/stores/servlet/StoreCatalogDisplay?catalogId=10001&langId=-1&storeId=10095&demoKey=d'),
('Tuskegee University', 'Alabama', 'http://www.bkstr.com/webapp/wcs/stores/servlet/StoreCatalogDisplay?catalogId=10001&langId=-1&storeId=10648&demoKey=d'),
('Keller Graduate School of Management', 'Alabama', 'http://www.devry.efollett.com/'),
('Shelton State Community College', 'Alabama', 'http://www.bkstr.com/webapp/wcs/stores/servlet/StoreCatalogDisplay?catalogId=10001&langId=-1&storeId=119405&demoKey=d'),
('Huntingdon College', 'Alabama', 'http://www.bkstr.com/webapp/wcs/stores/servlet/StoreCatalogDisplay?catalogId=10001&langId=-1&storeId=10469&demoKey=d'),
('DeVry University Online and Centers', 'Alabama', 'http://www.devry.efollett.com/'),
('Faulkner University', 'Alabama', 'http://www.bkstr.com/webapp/wcs/stores/servlet/StoreCatalogDisplay?catalogId=10001&langId=-1&storeId=10209&demoKey=d'),
('Chamberlain College of Nursing', 'Alabama', 'http://www.bkstr.com/webapp/wcs/stores/servlet/StoreCatalogDisplay?catalogId=10001&langId=-1&storeId=15553&demoKey=d'),
('Carrington College California', 'Alabama', 'http://www.bkstr.com/webapp/wcs/stores/servlet/StoreCatalogDisplay?catalogId=10001&langId=-1&storeId=113404&demoKey=d'),
('Carrington College', 'Alabama', 'http://www.bkstr.com/webapp/wcs/stores/servlet/StoreCatalogDisplay?catalogId=10001&langId=-1&storeId=111406&demoKey=d'),
('Calhoun Community College', 'Alabama', 'http://www.bkstr.com/webapp/wcs/stores/servlet/StoreCatalogDisplay?catalogId=10001&langId=-1&storeId=10090&demoKey=d'),
('Bishop State Community College', 'Alabama', 'http://www.bkstr.com/webapp/wcs/stores/servlet/StoreCatalogDisplay?catalogId=10001&langId=-1&storeId=10090&demoKey=d'),
('Athens State University', 'Alabama', 'http://www.bkstr.com/webapp/wcs/stores/servlet/StoreCatalogDisplay?catalogId=10001&langId=-1&storeId=10090&demoKey=d'),
('Alabama State University', 'Alabama', 'http://www.bkstr.com/webapp/wcs/stores/servlet/StoreCatalogDisplay?catalogId=10001&langId=-1&storeId=33911&demoKey=d'),
('Alabama A&M University', 'Alabama', 'http://www.bkstr.com/webapp/wcs/stores/servlet/StoreCatalogDisplay?catalogId=10001&langId=-1&storeId=166904&demoKey=d');

-- --------------------------------------------------------

--
-- Table structure for table `user`
--

CREATE TABLE IF NOT EXISTS `user` (
  `id` int(11) NOT NULL AUTO_INCREMENT,
  `username` varchar(50) NOT NULL,
  `password` varchar(50) NOT NULL,
  `employer_id` int(11) DEFAULT NULL,
  `student_id` int(11) DEFAULT NULL,
  `role` varchar(20) DEFAULT NULL,
  `status` varchar(20) NOT NULL,
  `created_at` date NOT NULL,
  PRIMARY KEY (`id`)
) ENGINE=MyISAM  DEFAULT CHARSET=latin1 AUTO_INCREMENT=5 ;

--
-- Dumping data for table `user`
--

INSERT INTO `user` (`id`, `username`, `password`, `employer_id`, `student_id`, `role`, `status`, `created_at`) VALUES
(1, 'johnson.smith', 'e10adc3949ba59abbe56e057f20f883e', 1, NULL, 'employer', '1', '2013-04-18'),
(4, 'anam.imtiaz@zigron.com', 'e10adc3949ba59abbe56e057f20f883e', 4, NULL, 'employer', '1', '2013-04-30');

/*!40101 SET CHARACTER_SET_CLIENT=@OLD_CHARACTER_SET_CLIENT */;
/*!40101 SET CHARACTER_SET_RESULTS=@OLD_CHARACTER_SET_RESULTS */;
/*!40101 SET COLLATION_CONNECTION=@OLD_COLLATION_CONNECTION */;
